{"stats":{"minecraft:dropped":{"minecraft:cookie":252,"minecraft:warped_roots":1,"minecraft:mossy_stone_brick_stairs":1,"minecraft:fletching_table":1,"minecraft:cracked_stone_bricks":2,"minecraft:saddle":1,"sophisticatedbackpacks:gold_backpack":1,"minecraft:emerald":3,"minecraft:dirt":128,"minecraft:chain":1,"minecraft:sand":3,"minecraft:iron_pickaxe":3,"minecraft:polished_blackstone_slab":7,"minecraft:white_wool":1,"minecraft:bone":2,"minecraft:stone_axe":73,"minecraft:rotten_flesh":28,"minecraft:azure_bluet":1,"minecraft:nether_brick_fence":1,"alexscaves:cave_book":1,"minecraft:wheat_seeds":477,"minecraft:iron_helmet":1,"minecraft:cobblestone":33,"minecraft:golden_carrot":13,"minecraft:blackstone_wall":2,"minecraft:diamond_helmet":2,"minecraft:oak_stairs":3,"minecraft:pumpkin":16,"minecraft:chainmail_leggings":1,"minecraft:iron_shovel":19,"minecraft:spruce_sapling":27,"minecraft:stone_brick_slab":2,"alexscaves:uranium":1,"minecraft:bowl":5,"minecraft:stone_shovel":3,"minecraft:iron_boots":45,"minecraft:shears":1,"minecraft:pumpkin_seeds":3,"minecraft:suspicious_stew":4,"minecraft:diamond_sword":1,"minecraft:potato":445,"minecraft:spruce_planks":1,"minecraft:diamond_pickaxe":2,"minecraft:stone_bricks":2,"minecraft:spider_eye":3,"minecraft:bamboo":57,"minecraft:warped_fungus":1,"minecraft:large_amethyst_bud":1,"minecraft:ender_pearl":2,"minecraft:lantern":12,"artifacts:night_vision_goggles":2,"alexscaves:cave_map":1,"minecraft:pumpkin_pie":50,"minecraft:gravel":32,"minecraft:blackstone":1,"alexscaves:radrock":74,"minecraft:beetroot":4,"minecraft:diamond_shovel":1,"minecraft:chainmail_chestplate":3,"sophisticatedbackpacks:diamond_backpack":1,"minecraft:carrot":33,"minecraft:poppy":4,"minecraft:beetroot_seeds":30,"minecraft:melon_seeds":6,"minecraft:chainmail_boots":50,"minecraft:blackstone_slab":1,"minecraft:arrow":7,"minecraft:netherrack":1160,"minecraft:firework_rocket":32,"minecraft:stone_hoe":1,"minecraft:bread":50,"minecraft:mossy_cobblestone":1,"minecraft:diamond_leggings":1,"minecraft:poisonous_potato":1,"minecraft:amethyst_block":2,"minecraft:grass_block":1,"minecraft:stick":305,"minecraft:torch":8,"minecraft:iron_leggings":1,"minecraft:polished_blackstone_brick_slab":1,"minecraft:bucket":1,"minecraft:dandelion":7,"minecraft:nether_brick_slab":3,"minecraft:stripped_oak_log":2,"minecraft:diamond_chestplate":1,"minecraft:iron_chestplate":1,"minecraft:cake":2,"minecraft:oak_sapling":11,"minecraft:diamond_boots":1,"minecraft:spruce_log":65,"minecraft:stone_pickaxe":68},"minecraft:custom":{"minecraft:interact_with_crafting_table":116,"minecraft:open_barrel":11,"minecraft:bell_ring":19,"minecraft:eat_cake_slice":10,"minecraft:leave_game":29,"minecraft:time_since_death":346695,"minecraft:damage_blocked_by_shield":1966,"minecraft:play_time":1005738,"minecraft:deaths":5,"minecraft:jump":16717,"minecraft:enchant_item":30,"minecraft:interact_with_furnace":41,"minecraft:traded_with_villager":1401,"minecraft:sleep_in_bed":27,"minecraft:waystone_activated":9,"minecraft:damage_dealt":43178,"tombstone:undead_killed":82,"minecraft:use_cauldron":8,"minecraft:inspect_dispenser":4,"minecraft:interact_with_smithing_table":3,"minecraft:inspect_dropper":2,"minecraft:interact_with_anvil":18,"minecraft:damage_dealt_absorbed":160,"minecraft:sneak_time":40970,"minecraft:interact_with_blast_furnace":88,"minecraft:total_world_time":1005738,"tombstone:raider_killed":16,"minecraft:time_since_rest":53977,"minecraft:swim_one_cm":225980,"minecraft:fly_one_cm":4419065,"minecraft:open_chest":665,"minecraft:fall_one_cm":456933,"minecraft:animals_bred":1,"minecraft:sprint_one_cm":1993893,"minecraft:drop":486,"minecraft:talked_to_villager":332,"minecraft:walk_on_water_one_cm":97735,"minecraft:interact_with_loom":2,"minecraft:player_kills":1,"minecraft:crouch_one_cm":96310,"tombstone:villager_killed":1,"minecraft:mob_kills":215,"minecraft:fill_cauldron":1,"minecraft:damage_dealt_resisted":372,"minecraft:climb_one_cm":4860,"minecraft:walk_one_cm":2469621,"minecraft:raid_win":1,"minecraft:walk_under_water_one_cm":56481,"minecraft:boat_one_cm":43,"minecraft:raid_trigger":1,"minecraft:interact_with_grindstone":10,"minecraft:damage_taken":10375,"minecraft:damage_absorbed":43},"minecraft:crafted":{"minecraft:oak_sign":3,"minecraft:blaze_powder":14,"waystones:waystone":1,"minecraft:lever":1,"minecraft:diamond_shovel":1,"minecraft:bookshelf":22,"minecraft:cooked_mutton":16,"minecraft:glass":12,"minecraft:diamond_helmet":3,"minecraft:diamond_leggings":3,"minecraft:emerald":1076,"minecraft:diamond_axe":4,"enchantinginfuser:enchanting_infuser":1,"minecraft:smithing_table":1,"minecraft:fletching_table":3,"waystones:warp_stone":1,"minecraft:lectern":1,"minecraft:stone_slab":6,"minecraft:iron_pickaxe":2,"minecraft:iron_block":3,"minecraft:gold_ingot":54,"minecraft:netherite_ingot":3,"minecraft:golden_carrot":285,"alexscaves:uranium":18,"minecraft:stone_shovel":2,"minecraft:bone_meal":24,"minecraft:spruce_fence":9,"minecraft:white_carpet":6,"minecraft:lantern":24,"minecraft:spruce_stairs":24,"minecraft:spruce_slab":408,"minecraft:stone_pickaxe":34,"minecraft:diamond_boots":3,"minecraft:wheat":207,"minecraft:coal_block":1,"minecraft:enchanting_table":1,"sophisticatedbackpacks:gold_backpack":1,"minecraft:golden_apple":5,"minecraft:gunpowder":22,"minecraft:chainmail_boots":30,"minecraft:iron_shovel":13,"minecraft:iron_leggings":1,"minecraft:white_bed":1,"minecraft:grindstone":1,"minecraft:oak_planks":296,"minecraft:suspicious_stew":5,"minecraft:cake":2,"minecraft:stone_brick_slab":6,"minecraft:iron_boots":30,"minecraft:chest":9,"minecraft:stone_hoe":1,"minecraft:ender_eye":14,"minecraft:stone_bricks":20,"minecraft:dropper":1,"minecraft:cauldron":3,"minecraft:crafting_table":4,"minecraft:spruce_planks":16340,"minecraft:iron_helmet":1,"minecraft:dispenser":1,"minecraft:spruce_trapdoor":18,"enchantinginfuser:advanced_enchanting_infuser":1,"minecraft:book":5,"minecraft:iron_chestplate":1,"minecraft:paper":6,"minecraft:diamond_pickaxe":3,"minecraft:shield":1,"minecraft:stick":32000,"minecraft:iron_ingot":146,"minecraft:shears":1,"minecraft:cookie":42,"minecraft:furnace":3,"alexscaves:cave_map":1,"minecraft:oak_trapdoor":4,"minecraft:flint_and_steel":2,"minecraft:iron_axe":3,"minecraft:netherite_scrap":13,"minecraft:minecart":1,"sophisticatedbackpacks:iron_backpack":1,"minecraft:cooked_beef":6,"minecraft:diamond_sword":1,"minecraft:bucket":1,"minecraft:stone_axe":38,"minecraft:bread":86,"minecraft:air":0,"minecraft:oak_boat":2,"tombstone:dark_marble":1,"minecraft:anvil":1,"minecraft:pumpkin_pie":48,"minecraft:torch":48,"minecraft:diamond_chestplate":2,"minecraft:firework_rocket":66},"minecraft:killed":{"minecraft:cave_spider":10,"minecraft:shulker":4,"minecraft:skeleton":31,"cataclysm:endermaptera":3,"cataclysm:ender_golem":1,"minecraft:magma_cube":2,"minecraft:iron_golem":4,"minecraft:pillager":13,"minecraft:zombie":35,"minecraft:cow":2,"minecraft:vindicator":2,"minecraft:warden":2,"minecraft:ravager":1,"minecraft:enderman":26,"minecraft:zombified_piglin":1,"minecraft:spider":6,"cataclysm:netherite_monstrosity":1,"minecraft:silverfish":6,"minecraft:piglin":2,"minecraft:creeper":15,"minecraft:sheep":4,"minecraft:trader_llama":2,"minecraft:blaze":12,"minecraft:wither_skeleton":15,"minecraft:villager":1},"minecraft:broken":{"minecraft:iron_axe":2,"minecraft:iron_pickaxe":2,"minecraft:stone_axe":1},"minecraft:used":{"minecraft:spruce_slab":457,"minecraft:dispenser":3,"minecraft:poppy":3,"minecraft:chest":14,"minecraft:stone":11,"minecraft:soul_sand":15,"cataclysm:infernal_forge":284,"minecraft:lava_bucket":18,"alexscaves:acidic_radrock":7,"minecraft:bow":241,"minecraft:furnace":3,"minecraft:end_stone_brick_stairs":19,"minecraft:potato":195,"minecraft:emerald_ore":1,"minecraft:mossy_stone_bricks":1,"minecraft:diorite":4,"minecraft:end_stone_bricks":5,"minecraft:wooden_pickaxe":5,"minecraft:composter":9,"minecraft:cookie":1,"minecraft:golden_apple":1,"minecraft:sand":3,"minecraft:blast_furnace":6,"minecraft:lectern":7,"minecraft:diamond_sword":488,"minecraft:smithing_table":4,"minecraft:oak_boat":10,"minecraft:oak_trapdoor":8,"minecraft:netherrack":330,"minecraft:torch":77,"minecraft:brewing_stand":2,"minecraft:anvil":1,"minecraft:chainmail_chestplate":2,"minecraft:iron_axe":1322,"cataclysm:polished_end_stone":1,"minecraft:barrel":1,"minecraft:smooth_basalt":2,"minecraft:bamboo":28,"minecraft:diamond_chestplate":2,"minecraft:basalt":11,"tombstone:gift":11,"minecraft:cobbled_deepslate":48,"minecraft:pointed_dripstone":7,"minecraft:wheat_seeds":324,"minecraft:water_bucket":60,"minecraft:cauldron":7,"minecraft:fletching_table":20,"minecraft:gold_ore":1,"minecraft:cracked_stone_bricks":1,"minecraft:mossy_cobblestone":1,"minecraft:rail":171,"minecraft:crafting_table":8,"minecraft:white_bed":15,"minecraft:cake":2,"minecraft:spruce_log":46,"minecraft:oak_log":1,"minecraft:amethyst_cluster":2,"minecraft:ender_eye":25,"minecraft:diamond_pickaxe":4836,"minecraft:diamond_shovel":689,"minecraft:suspicious_stew":5,"minecraft:iron_pickaxe":500,"tombstone:magic_scroll":10,"minecraft:spruce_trapdoor":17,"minecraft:spruce_sapling":335,"enchantinginfuser:enchanting_infuser":1,"minecraft:cobblestone":616,"alexscaves:radrock":37,"minecraft:dandelion":1,"minecraft:iron_shovel":797,"minecraft:oak_sign":1,"minecraft:shield":43,"minecraft:bell":4,"minecraft:nether_bricks":86,"enchantinginfuser:advanced_enchanting_infuser":1,"minecraft:obsidian":25,"cataclysm:polished_end_stone_stairs":4,"minecraft:glass":12,"minecraft:lantern":31,"minecraft:magma_block":10,"minecraft:gray_bed":2,"minecraft:diamond_boots":2,"minecraft:dropper":2,"minecraft:stone_pickaxe":10,"minecraft:oak_planks":15,"minecraft:ender_pearl":21,"minecraft:diamond_axe":3254,"minecraft:white_wool":13,"alexscaves:cave_book":3,"minecraft:deepslate_redstone_ore":2,"minecraft:dripstone_block":7,"minecraft:black_bed":3,"minecraft:end_stone":51,"waystones:waystone":8,"minecraft:lever":4,"minecraft:bread":42,"minecraft:gravel":47,"minecraft:grindstone":1,"minecraft:stripped_oak_wood":1,"minecraft:andesite":13,"minecraft:bone_meal":24,"minecraft:golden_pickaxe":7,"minecraft:oak_fence":9,"minecraft:purpur_block":1,"minecraft:flint_and_steel":10,"minecraft:redstone_ore":2,"minecraft:stone_shovel":64,"minecraft:spruce_planks":206,"minecraft:deepslate_gold_ore":8,"minecraft:stone_hoe":119,"minecraft:dirt":1466,"minecraft:white_carpet":8,"minecraft:spruce_stairs":20,"minecraft:spruce_fence":9,"minecraft:granite":3,"minecraft:stone_brick_slab":4,"minecraft:bookshelf":21,"alexscaves:spelunkery_table":1,"minecraft:golden_carrot":107,"cataclysm:end_stone_teleport_trap_bricks":1,"minecraft:minecart":4,"minecraft:cooked_beef":11,"minecraft:brown_bed":1,"minecraft:cooked_mutton":16,"minecraft:amethyst_block":2,"minecraft:iron_ore":2,"minecraft:lapis_ore":2,"minecraft:stone_slab":3,"minecraft:stone_axe":158,"minecraft:bucket":80,"minecraft:yellow_bed":14},"minecraft:mined":{"minecraft:white_bed":16,"minecraft:jungle_leaves":1,"minecraft:carved_pumpkin":2,"minecraft:obsidian":44,"minecraft:granite":5,"minecraft:nether_wart":33,"minecraft:spawner":6,"minecraft:magma_block":34,"minecraft:cobbled_deepslate":3,"minecraft:fire":13,"minecraft:barrel":2,"minecraft:pumpkin":19,"minecraft:fletching_table":18,"minecraft:deepslate_lapis_ore":5,"minecraft:nether_brick_stairs":5,"cataclysm:end_stone_teleport_trap_bricks":1,"minecraft:water_cauldron":8,"minecraft:dirt_path":98,"minecraft:oak_stairs":52,"minecraft:soul_fire":3,"minecraft:amethyst_cluster":8,"minecraft:powder_snow":7,"minecraft:torch":18,"minecraft:blast_furnace":6,"minecraft:glass":2,"minecraft:amethyst_block":5,"minecraft:wheat":323,"minecraft:black_bed":4,"minecraft:grass":396,"minecraft:smooth_basalt":2,"minecraft:deepslate":49,"minecraft:infested_deepslate":4,"alexscaves:acidic_radrock":10,"minecraft:mossy_cobblestone":27,"alexscaves:radrock":116,"minecraft:shulker_box":1,"minecraft:end_stone":55,"minecraft:nether_bricks":93,"minecraft:spruce_fence":3,"minecraft:redstone_ore":4,"minecraft:andesite":12,"minecraft:mossy_stone_brick_stairs":1,"minecraft:potatoes":84,"minecraft:rail":241,"cataclysm:chorus_fence":6,"minecraft:bamboo_sapling":2,"minecraft:bamboo":29,"minecraft:white_wool":14,"minecraft:smithing_table":3,"minecraft:oak_slab":1,"minecraft:glass_pane":3,"minecraft:soul_sand":54,"minecraft:dandelion":9,"minecraft:emerald_ore":4,"minecraft:dropper":2,"minecraft:warped_roots":1,"minecraft:purpur_pillar":1,"minecraft:tall_grass":37,"minecraft:copper_ore":8,"minecraft:deepslate_gold_ore":28,"minecraft:diorite":9,"minecraft:spruce_log":4153,"minecraft:gravel":126,"minecraft:dripstone_block":8,"minecraft:cobweb":13,"minecraft:stone_bricks":4,"minecraft:gold_ore":3,"minecraft:infested_stone":3,"minecraft:large_amethyst_bud":6,"minecraft:spruce_planks":30,"minecraft:farmland":27,"minecraft:brewing_stand":7,"minecraft:spruce_trapdoor":8,"minecraft:budding_amethyst":1,"minecraft:grass_block":486,"alexscaves:sulfur":11,"minecraft:polished_blackstone_brick_slab":2,"minecraft:composter":9,"minecraft:iron_ore":83,"minecraft:azure_bluet":3,"minecraft:brown_bed":2,"minecraft:pointed_dripstone":3,"alexscaves:underweed":1,"cataclysm:void_stone":1,"minecraft:end_stone_bricks":5,"minecraft:spruce_slab":58,"minecraft:deepslate_redstone_ore":8,"cataclysm:void_infused_end_stone_bricks":4,"minecraft:blackstone":24,"minecraft:calcite":2,"minecraft:poppy":2,"minecraft:chest":6,"minecraft:nether_quartz_ore":18,"minecraft:cobblestone":203,"minecraft:grindstone":1,"minecraft:oak_planks":37,"minecraft:wall_torch":10,"cataclysm:polished_end_stone":1,"minecraft:seagrass":1,"minecraft:warped_nylium":4,"minecraft:powered_rail":4,"minecraft:stripped_oak_wood":2,"minecraft:tnt":3,"minecraft:purpur_block":1,"minecraft:yellow_stained_glass_pane":1,"minecraft:oak_log":52,"minecraft:beetroots":1,"minecraft:sand":44,"minecraft:dirt":457,"minecraft:dispenser":2,"minecraft:netherrack":3403,"minecraft:ancient_debris":13,"minecraft:oak_leaves":45,"minecraft:nether_gold_ore":7,"alexscaves:spelunkery_table":2,"minecraft:crying_obsidian":7,"minecraft:tuff":7,"minecraft:oak_door":1,"minecraft:deepslate_diamond_ore":2,"enchantinginfuser:enchanting_infuser":1,"alexscaves:sulfur_cluster":1,"minecraft:spruce_leaves":173,"minecraft:hay_block":25,"alexscaves:radrock_uranium_ore":37,"minecraft:oak_trapdoor":4,"minecraft:spruce_sapling":35,"minecraft:furnace":2,"minecraft:carrots":1,"minecraft:gold_block":3,"minecraft:bell":3,"minecraft:nether_brick_fence":2,"minecraft:bookshelf":5,"minecraft:deepslate_iron_ore":34,"minecraft:lantern":5,"minecraft:stripped_oak_log":22,"minecraft:stone":494,"minecraft:podzol":400,"minecraft:basalt":11,"minecraft:oak_fence":16,"minecraft:crafting_table":4,"minecraft:blackstone_slab":1,"minecraft:lectern":6,"minecraft:lapis_ore":4,"minecraft:spruce_stairs":1,"minecraft:gray_bed":2,"minecraft:yellow_bed":15,"minecraft:coal_ore":42,"minecraft:cracked_stone_bricks":3,"minecraft:polished_andesite":1,"minecraft:mossy_stone_bricks":1},"minecraft:picked_up":{"minecraft:chainmail_boots":22,"minecraft:suspicious_stew":4,"minecraft:diamond_sword":1,"minecraft:smithing_table":3,"minecraft:lead":2,"cataclysm:chiseled_obsidian_bricks":2,"minecraft:oak_stairs":52,"minecraft:brown_bed":1,"minecraft:enchanted_book":3,"minecraft:brewing_stand":7,"minecraft:amethyst_block":4,"minecraft:music_disc_cat":1,"minecraft:string":29,"minecraft:beetroot":4,"minecraft:diamond_leggings":2,"minecraft:cobbled_deepslate":48,"minecraft:spruce_planks":119,"minecraft:golden_helmet":1,"minecraft:polished_blackstone_brick_slab":1,"minecraft:composter":9,"minecraft:purpur_pillar":1,"minecraft:cauldron":8,"minecraft:stone_sword":3,"minecraft:blackstone_wall":2,"minecraft:carved_pumpkin":1,"minecraft:blaze_rod":15,"minecraft:magma_block":32,"minecraft:cooked_beef":6,"minecraft:flint":15,"minecraft:lantern":17,"tombstone:familiar_receptacle":1,"minecraft:large_amethyst_bud":1,"minecraft:dropper":2,"cataclysm:obsidian_brick_wall":6,"sophisticatedbackpacks:iron_backpack":1,"minecraft:barrel":2,"minecraft:bundle":1,"minecraft:dispenser":2,"minecraft:deepslate":5,"minecraft:lever":3,"minecraft:deepslate_gold_ore":8,"enchantinginfuser:enchanting_infuser":1,"minecraft:granite":5,"minecraft:golden_horse_armor":1,"minecraft:bread":6,"minecraft:diamond_pickaxe":1,"minecraft:crafting_table":4,"minecraft:nether_wart":40,"minecraft:purpur_block":1,"minecraft:elytra":1,"minecraft:white_carpet":4,"minecraft:iron_shovel":10,"minecraft:cracked_stone_bricks":3,"minecraft:poppy":11,"minecraft:spruce_slab":201,"minecraft:minecart":8,"minecraft:chest":6,"minecraft:stone":35,"cataclysm:polished_end_stone":1,"minecraft:oak_door":1,"minecraft:spruce_fence":3,"minecraft:amethyst_cluster":2,"sophisticatedbackpacks:backpack":1,"minecraft:cake":2,"minecraft:carrot":34,"minecraft:redstone":40,"minecraft:tnt":3,"minecraft:stone_shovel":1,"minecraft:diamond_chestplate":2,"minecraft:beetroot_seeds":30,"minecraft:diamond_boots":1,"minecraft:hay_block":23,"minecraft:gold_ingot":1,"sophisticatedbackpacks:copper_backpack":1,"minecraft:mutton":4,"minecraft:glow_berries":5,"minecraft:rail":267,"minecraft:white_wool":16,"minecraft:emerald_ore":1,"minecraft:lapis_ore":2,"minecraft:stripped_oak_log":24,"alexscaves:sulfur_dust":44,"minecraft:blackstone_slab":1,"cataclysm:void_jaw":2,"minecraft:oak_log":53,"minecraft:ancient_debris":13,"tombstone:gift":1,"minecraft:paper":41,"minecraft:white_banner":6,"minecraft:stone_bricks":3,"minecraft:apple":1,"minecraft:stone_pickaxe":35,"minecraft:iron_ore":7,"minecraft:gray_bed":2,"minecraft:smooth_basalt":2,"minecraft:gravel":111,"minecraft:spruce_sapling":362,"minecraft:spruce_log":4196,"minecraft:crying_obsidian":7,"minecraft:diamond_shovel":1,"minecraft:stone_axe":36,"minecraft:rib_armor_trim_smithing_template":1,"minecraft:deepslate_redstone_ore":2,"minecraft:redstone_ore":2,"minecraft:warped_roots":1,"minecraft:melon_seeds":6,"minecraft:ender_pearl":40,"minecraft:shulker_shell":2,"minecraft:wheat":155,"cataclysm:monstrous_horn":1,"minecraft:nether_brick_fence":2,"alexscaves:cave_tablet":11,"minecraft:potion":2,"minecraft:raw_copper":72,"alexscaves:acidic_radrock":9,"cataclysm:end_stone_teleport_trap_bricks":1,"minecraft:activator_rail":8,"minecraft:bucket":1,"minecraft:calcite":2,"minecraft:ender_eye":11,"minecraft:iron_pickaxe":1,"minecraft:iron_boots":16,"minecraft:deepslate_iron_ore":7,"minecraft:furnace":2,"minecraft:tipped_arrow":1,"minecraft:stick":267,"minecraft:oak_fence":16,"minecraft:torch":75,"minecraft:spruce_stairs":1,"minecraft:pointed_dripstone":9,"cataclysm:void_infused_end_stone_bricks":4,"tombstone:grave_dust":13,"minecraft:diorite":7,"cataclysm:polished_end_stone_stairs":4,"minecraft:rotten_flesh":69,"cataclysm:void_stone":1,"minecraft:obsidian":44,"minecraft:cobblestone":639,"minecraft:andesite":16,"minecraft:black_bed":4,"minecraft:potato":673,"alexscaves:cave_book":3,"minecraft:tuff":1,"minecraft:lapis_lazuli":64,"minecraft:dirt":1594,"minecraft:name_tag":1,"minecraft:bone":82,"minecraft:bow":5,"minecraft:wheat_seeds":847,"minecraft:raw_gold":36,"minecraft:bell":4,"minecraft:grindstone":1,"minecraft:mossy_stone_brick_stairs":1,"minecraft:mossy_stone_bricks":1,"minecraft:fletching_table":20,"minecraft:bamboo":277,"minecraft:powered_rail":6,"minecraft:stone_hoe":2,"minecraft:oak_planks":38,"cataclysm:chorus_fence":6,"alexscaves:radrock_uranium_ore":18,"minecraft:polished_blackstone_slab":7,"minecraft:poisonous_potato":1,"alexscaves:uranium":36,"minecraft:sand":45,"minecraft:nether_brick_stairs":5,"minecraft:grass_block":1,"minecraft:shulker_box":1,"minecraft:mossy_cobblestone":26,"tombstone:familiar_stone":2,"minecraft:diamond":6,"minecraft:soul_lantern":1,"waystones:waystone":7,"minecraft:crossbow":4,"minecraft:emerald":11,"minecraft:oak_sapling":11,"minecraft:netherrack":1400,"minecraft:end_stone_bricks":5,"minecraft:end_stone_brick_stairs":19,"minecraft:azure_bluet":3,"artifacts:night_vision_goggles":1,"minecraft:chest_minecart":4,"minecraft:wooden_pickaxe":1,"minecraft:gold_block":3,"minecraft:chain":1,"minecraft:oak_trapdoor":4,"minecraft:iron_axe":2,"minecraft:item_frame":1,"minecraft:blackstone":1,"minecraft:detector_rail":3,"minecraft:oak_boat":10,"minecraft:lectern":6,"minecraft:sugar_cane":7,"minecraft:spruce_trapdoor":7,"minecraft:raw_iron":144,"minecraft:end_stone":51,"minecraft:cookie":109,"minecraft:arrow":63,"minecraft:pumpkin_pie":5,"minecraft:nether_bricks":144,"alexscaves:spelunkery_table":2,"minecraft:saddle":4,"minecraft:basalt":11,"minecraft:glow_ink_sac":3,"minecraft:leather":5,"minecraft:chainmail_chestplate":5,"minecraft:yellow_bed":15,"minecraft:gunpowder":12,"cataclysm:infernal_forge":1,"cataclysm:void_core":1,"minecraft:iron_ingot":36,"alexscaves:radrock":111,"minecraft:stripped_oak_wood":2,"minecraft:soul_sand":54,"minecraft:book":24,"minecraft:oak_slab":1,"minecraft:warped_fungus":1,"minecraft:pumpkin":32,"minecraft:quartz":39,"minecraft:dandelion":8,"minecraft:dripstone_block":7,"minecraft:amethyst_shard":32,"minecraft:blast_furnace":6,"minecraft:white_bed":16,"minecraft:nether_brick_slab":3,"minecraft:gold_ore":1,"minecraft:spider_eye":7,"minecraft:pumpkin_seeds":5,"minecraft:chainmail_leggings":1,"tombstone:magic_scroll":2,"minecraft:coal":81}},"DataVersion":3465}