{"stats":{"minecraft:crafted":{"minecraft:oak_planks":16,"minecraft:stone_shovel":2,"minecraft:emerald":16,"minecraft:crafting_table":3,"minecraft:spruce_planks":404,"minecraft:furnace":3,"minecraft:bucket":1,"minecraft:bone_meal":6,"minecraft:stone_axe":2,"minecraft:bread":66,"minecraft:air":0,"minecraft:iron_chestplate":1,"minecraft:iron_boots":1,"minecraft:shield":1,"minecraft:stick":748,"minecraft:iron_ingot":8,"minecraft:stone_pickaxe":1,"minecraft:iron_pickaxe":2,"minecraft:chest":2,"minecraft:iron_shovel":1,"minecraft:stone_hoe":1,"minecraft:wheat":198},"minecraft:mined":{"alexscaves:spelunkery_table":1,"minecraft:spruce_planks":3,"minecraft:white_bed":9,"minecraft:mossy_cobblestone":21,"minecraft:powder_snow":7,"minecraft:brewing_stand":1,"minecraft:oak_fence":8,"minecraft:crafting_table":3,"minecraft:blast_furnace":2,"minecraft:grass_block":21,"minecraft:tall_grass":5,"minecraft:cobblestone":59,"minecraft:spruce_leaves":35,"minecraft:composter":1,"minecraft:hay_block":24,"minecraft:powered_rail":4,"minecraft:spruce_sapling":2,"minecraft:furnace":1,"minecraft:iron_ore":3,"minecraft:barrel":1,"minecraft:spruce_log":104,"minecraft:andesite":1,"minecraft:fletching_table":1,"minecraft:yellow_bed":4,"minecraft:gold_block":2,"minecraft:azure_bluet":2,"minecraft:grass":21,"minecraft:bookshelf":1,"minecraft:oak_log":1,"minecraft:coal_ore":7,"minecraft:water_cauldron":4,"minecraft:dirt_path":23,"minecraft:rail":4,"minecraft:dripstone_block":1,"minecraft:sand":17,"minecraft:dirt":14,"minecraft:stripped_oak_log":5,"minecraft:stone_bricks":1,"minecraft:stone":28,"minecraft:netherrack":2,"minecraft:white_wool":3,"minecraft:oak_leaves":2},"minecraft:broken":{"minecraft:stone_axe":1},"minecraft:dropped":{"minecraft:bread":32,"minecraft:stone_shovel":1,"minecraft:stick":260,"minecraft:emerald":3,"minecraft:iron_pickaxe":1,"minecraft:iron_shovel":1},"minecraft:picked_up":{"minecraft:stripped_oak_log":5,"minecraft:crafting_table":3,"minecraft:azure_bluet":2,"minecraft:andesite":1,"minecraft:wooden_pickaxe":1,"alexscaves:cave_tablet":8,"minecraft:potato":7,"minecraft:gold_block":2,"alexscaves:cave_book":1,"minecraft:oak_log":1,"minecraft:brewing_stand":1,"minecraft:yellow_bed":4,"minecraft:dirt":57,"minecraft:paper":15,"minecraft:bone":2,"minecraft:stone_bricks":1,"minecraft:bow":5,"minecraft:wheat_seeds":3,"minecraft:spruce_planks":6,"minecraft:bell":1,"minecraft:iron_ingot":3,"minecraft:poppy":2,"minecraft:fletching_table":1,"minecraft:powered_rail":4,"minecraft:furnace":1,"minecraft:book":6,"minecraft:golden_helmet":1,"minecraft:stick":49,"minecraft:raw_iron":3,"minecraft:composter":1,"minecraft:oak_fence":8,"minecraft:torch":4,"minecraft:dripstone_block":1,"minecraft:gravel":2,"minecraft:sand":18,"minecraft:barrel":1,"minecraft:spruce_sapling":17,"minecraft:blast_furnace":2,"minecraft:white_bed":9,"minecraft:spruce_log":103,"minecraft:cauldron":4,"minecraft:mossy_cobblestone":20,"minecraft:diamond":1,"minecraft:hay_block":22,"alexscaves:spelunkery_table":1,"minecraft:rail":4,"minecraft:netherrack":2,"minecraft:mutton":4,"minecraft:coal":7,"minecraft:cobblestone":94,"minecraft:white_wool":6},"minecraft:custom":{"minecraft:interact_with_furnace":2,"minecraft:mob_kills":6,"minecraft:traded_with_villager":18,"minecraft:interact_with_crafting_table":14,"minecraft:open_barrel":1,"minecraft:leave_game":2,"minecraft:time_since_death":49355,"minecraft:sleep_in_bed":3,"minecraft:time_since_rest":20869,"minecraft:sprint_one_cm":145289,"minecraft:damage_taken":935,"minecraft:walk_one_cm":127229,"minecraft:damage_blocked_by_shield":95,"minecraft:drop":13,"minecraft:damage_dealt":1689,"minecraft:talked_to_villager":4,"minecraft:swim_one_cm":17027,"minecraft:fly_one_cm":266246,"minecraft:open_chest":22,"minecraft:crouch_one_cm":1417,"minecraft:play_time":58792,"tombstone:undead_killed":1,"minecraft:deaths":1,"minecraft:sneak_time":1385,"minecraft:walk_under_water_one_cm":2612,"tombstone:villager_killed":1,"minecraft:jump":1277,"minecraft:walk_on_water_one_cm":9424,"minecraft:total_world_time":58792,"minecraft:fall_one_cm":37646},"minecraft:killed":{"minecraft:iron_golem":1,"minecraft:sheep":3,"minecraft:zombie":1,"minecraft:villager":1},"minecraft:used":{"minecraft:water_bucket":6,"minecraft:stone_shovel":64,"minecraft:stone_pickaxe":8,"minecraft:oak_planks":6,"minecraft:shield":1,"minecraft:chest":2,"minecraft:spruce_planks":3,"minecraft:wooden_pickaxe":5,"minecraft:bell":1,"minecraft:fletching_table":1,"minecraft:stone_hoe":26,"minecraft:netherrack":2,"minecraft:white_wool":3,"minecraft:torch":4,"minecraft:mossy_cobblestone":1,"minecraft:brewing_stand":1,"minecraft:dirt":22,"minecraft:sand":3,"minecraft:crafting_table":6,"minecraft:blast_furnace":1,"minecraft:white_bed":9,"minecraft:spruce_log":1,"minecraft:bread":11,"minecraft:iron_pickaxe":131,"minecraft:spruce_sapling":14,"minecraft:stone_axe":125,"minecraft:cobblestone":35,"minecraft:furnace":3,"minecraft:bucket":7,"tombstone:gift":2,"minecraft:yellow_bed":4,"minecraft:bone_meal":6}},"DataVersion":3465}