{"stats":{"minecraft:crafted":{"minecraft:oak_planks":8,"minecraft:stone_shovel":2,"minecraft:crafting_table":3,"minecraft:spruce_planks":36,"minecraft:furnace":3,"minecraft:bucket":1,"minecraft:bone_meal":6,"minecraft:stone_axe":1,"minecraft:bread":66,"minecraft:air":0,"minecraft:stick":12,"minecraft:iron_ingot":8,"minecraft:stone_pickaxe":1,"minecraft:iron_pickaxe":2,"minecraft:chest":2,"minecraft:iron_shovel":1,"minecraft:stone_hoe":1,"minecraft:wheat":198},"minecraft:mined":{"minecraft:spruce_planks":3,"minecraft:white_bed":9,"minecraft:mossy_cobblestone":21,"minecraft:powder_snow":7,"minecraft:brewing_stand":1,"minecraft:oak_fence":8,"minecraft:crafting_table":2,"minecraft:blast_furnace":1,"minecraft:grass_block":21,"minecraft:tall_grass":5,"minecraft:cobblestone":59,"minecraft:spruce_leaves":35,"minecraft:composter":1,"minecraft:hay_block":24,"minecraft:spruce_log":96,"minecraft:andesite":1,"minecraft:fletching_table":1,"minecraft:yellow_bed":4,"minecraft:gold_block":2,"minecraft:azure_bluet":2,"minecraft:grass":13,"minecraft:water_cauldron":4,"minecraft:dirt_path":22,"minecraft:sand":17,"minecraft:dirt":13,"minecraft:stripped_oak_log":2,"minecraft:stone_bricks":1,"minecraft:stone":24,"minecraft:netherrack":2,"minecraft:white_wool":3,"minecraft:oak_leaves":1},"minecraft:broken":{"minecraft:stone_axe":1},"minecraft:dropped":{"minecraft:bread":32,"minecraft:stone_shovel":1,"minecraft:iron_pickaxe":1,"minecraft:iron_shovel":1},"minecraft:picked_up":{"minecraft:stripped_oak_log":2,"minecraft:crafting_table":2,"minecraft:azure_bluet":2,"minecraft:andesite":1,"minecraft:wooden_pickaxe":1,"minecraft:potato":7,"minecraft:gold_block":2,"minecraft:brewing_stand":1,"minecraft:yellow_bed":4,"minecraft:dirt":56,"minecraft:bone":2,"minecraft:stone_bricks":1,"minecraft:wheat_seeds":2,"minecraft:spruce_planks":3,"minecraft:bell":1,"minecraft:iron_ingot":3,"minecraft:poppy":2,"minecraft:fletching_table":1,"minecraft:golden_helmet":1,"minecraft:stick":2,"minecraft:composter":1,"minecraft:oak_fence":8,"minecraft:torch":4,"minecraft:sand":18,"minecraft:spruce_sapling":4,"minecraft:blast_furnace":1,"minecraft:white_bed":9,"minecraft:spruce_log":94,"minecraft:cauldron":4,"minecraft:mossy_cobblestone":20,"minecraft:hay_block":22,"minecraft:netherrack":2,"minecraft:mutton":4,"minecraft:cobblestone":84,"minecraft:white_wool":6},"minecraft:custom":{"minecraft:interact_with_furnace":2,"minecraft:mob_kills":6,"minecraft:interact_with_crafting_table":10,"minecraft:leave_game":1,"minecraft:time_since_death":37395,"minecraft:sleep_in_bed":3,"minecraft:time_since_rest":8909,"minecraft:sprint_one_cm":116713,"minecraft:damage_taken":855,"minecraft:walk_one_cm":102171,"minecraft:drop":4,"minecraft:damage_dealt":1689,"minecraft:swim_one_cm":15254,"minecraft:fly_one_cm":219723,"minecraft:open_chest":16,"minecraft:crouch_one_cm":1138,"minecraft:play_time":46832,"tombstone:undead_killed":1,"minecraft:deaths":1,"minecraft:sneak_time":1115,"minecraft:walk_under_water_one_cm":1886,"tombstone:villager_killed":1,"minecraft:jump":1038,"minecraft:walk_on_water_one_cm":7986,"minecraft:total_world_time":46832,"minecraft:fall_one_cm":29514},"minecraft:killed":{"minecraft:iron_golem":1,"minecraft:sheep":3,"minecraft:zombie":1,"minecraft:villager":1},"minecraft:used":{"minecraft:water_bucket":6,"minecraft:stone_shovel":64,"minecraft:stone_pickaxe":8,"minecraft:oak_planks":6,"minecraft:chest":2,"minecraft:spruce_planks":3,"minecraft:wooden_pickaxe":5,"minecraft:bell":1,"minecraft:fletching_table":1,"minecraft:stone_hoe":26,"minecraft:netherrack":2,"minecraft:white_wool":3,"minecraft:torch":4,"minecraft:mossy_cobblestone":1,"minecraft:brewing_stand":1,"minecraft:dirt":21,"minecraft:sand":3,"minecraft:crafting_table":5,"minecraft:blast_furnace":1,"minecraft:white_bed":9,"minecraft:spruce_log":1,"minecraft:bread":11,"minecraft:iron_pickaxe":105,"minecraft:spruce_sapling":4,"minecraft:stone_axe":117,"minecraft:cobblestone":14,"minecraft:furnace":2,"minecraft:bucket":7,"tombstone:gift":2,"minecraft:yellow_bed":4,"minecraft:bone_meal":2}},"DataVersion":3465}