{"stats":{"minecraft:broken":{"minecraft:iron_axe":2,"minecraft:stone_axe":1,"minecraft:iron_pickaxe":2},"minecraft:crafted":{"minecraft:oak_planks":216,"minecraft:stone_shovel":2,"minecraft:furnace":3,"minecraft:bone_meal":6,"minecraft:cooked_mutton":16,"minecraft:flint_and_steel":1,"minecraft:diamond_helmet":1,"minecraft:diamond_leggings":3,"minecraft:iron_boots":18,"minecraft:iron_axe":3,"minecraft:stone_pickaxe":22,"minecraft:chest":7,"minecraft:diamond_boots":3,"minecraft:stone_hoe":1,"minecraft:wheat":207,"minecraft:diamond_sword":1,"minecraft:emerald":453,"minecraft:diamond_axe":2,"minecraft:crafting_table":3,"minecraft:spruce_planks":6872,"minecraft:iron_helmet":1,"minecraft:smithing_table":1,"minecraft:fletching_table":1,"minecraft:bucket":1,"minecraft:stone_axe":26,"minecraft:bread":68,"minecraft:air":0,"minecraft:iron_chestplate":1,"minecraft:diamond_pickaxe":2,"minecraft:shield":1,"tombstone:dark_marble":1,"minecraft:stick":14063,"minecraft:iron_ingot":67,"minecraft:chainmail_boots":30,"minecraft:iron_pickaxe":2,"minecraft:iron_block":3,"minecraft:iron_shovel":13,"minecraft:iron_leggings":1,"minecraft:gold_ingot":30,"minecraft:anvil":1,"minecraft:torch":48,"minecraft:diamond_chestplate":2},"minecraft:dropped":{"minecraft:bread":32,"minecraft:wheat_seeds":3,"minecraft:emerald":3,"minecraft:stick":300,"minecraft:oak_stairs":3,"minecraft:iron_pickaxe":1,"minecraft:iron_shovel":11,"minecraft:spruce_sapling":1,"minecraft:stone_axe":48,"alexscaves:radrock":74,"minecraft:stone_shovel":1,"minecraft:beetroot":4,"minecraft:iron_boots":29,"minecraft:carrot":32,"minecraft:potato":4,"minecraft:chainmail_boots":50,"minecraft:oak_sapling":10,"minecraft:spider_eye":1,"minecraft:spruce_log":64,"minecraft:stone_pickaxe":42},"minecraft:used":{"minecraft:oak_fence":1,"minecraft:iron_shovel":568,"minecraft:flint_and_steel":8,"minecraft:stone_shovel":64,"minecraft:chest":8,"minecraft:spruce_planks":3,"minecraft:shield":29,"minecraft:stone":3,"minecraft:bell":1,"minecraft:stone_hoe":117,"minecraft:netherrack":67,"minecraft:torch":60,"minecraft:brewing_stand":1,"minecraft:dirt":707,"minecraft:anvil":1,"minecraft:granite":1,"minecraft:obsidian":11,"minecraft:iron_axe":1322,"minecraft:barrel":1,"minecraft:smooth_basalt":2,"minecraft:magma_block":3,"minecraft:furnace":3,"tombstone:gift":5,"minecraft:cooked_beef":6,"minecraft:cobbled_deepslate":35,"minecraft:cooked_mutton":16,"minecraft:wheat_seeds":169,"minecraft:water_bucket":15,"minecraft:amethyst_block":2,"minecraft:stone_pickaxe":10,"minecraft:oak_planks":14,"minecraft:wooden_pickaxe":5,"minecraft:composter":6,"minecraft:diamond_axe":503,"minecraft:fletching_table":3,"minecraft:white_wool":3,"minecraft:mossy_cobblestone":1,"minecraft:sand":3,"alexscaves:cave_book":1,"minecraft:blast_furnace":3,"minecraft:crafting_table":7,"minecraft:white_bed":9,"minecraft:dripstone_block":7,"minecraft:spruce_log":6,"minecraft:oak_log":1,"minecraft:diamond_pickaxe":299,"minecraft:bread":38,"minecraft:iron_pickaxe":500,"minecraft:gravel":18,"minecraft:spruce_sapling":185,"minecraft:stone_axe":158,"minecraft:diamond_sword":45,"minecraft:cobblestone":108,"minecraft:smithing_table":1,"minecraft:andesite":3,"minecraft:bucket":16,"minecraft:yellow_bed":4,"alexscaves:radrock":22,"minecraft:golden_pickaxe":5,"minecraft:bone_meal":6},"minecraft:custom":{"minecraft:animals_bred":1,"minecraft:interact_with_anvil":7,"minecraft:mob_kills":40,"minecraft:interact_with_crafting_table":53,"minecraft:open_barrel":1,"minecraft:bell_ring":6,"minecraft:leave_game":8,"minecraft:time_since_death":187396,"minecraft:climb_one_cm":2053,"minecraft:sprint_one_cm":615612,"minecraft:walk_one_cm":732238,"minecraft:damage_blocked_by_shield":1125,"minecraft:drop":204,"minecraft:damage_dealt_absorbed":40,"minecraft:talked_to_villager":135,"minecraft:play_time":305866,"minecraft:sneak_time":8732,"minecraft:deaths":3,"minecraft:walk_under_water_one_cm":18428,"minecraft:jump":5494,"minecraft:interact_with_blast_furnace":30,"minecraft:walk_on_water_one_cm":42640,"minecraft:total_world_time":305866,"minecraft:interact_with_furnace":13,"minecraft:traded_with_villager":573,"minecraft:sleep_in_bed":12,"minecraft:time_since_rest":8376,"minecraft:damage_taken":3515,"minecraft:damage_dealt":7675,"minecraft:swim_one_cm":79770,"minecraft:fly_one_cm":987829,"minecraft:open_chest":173,"minecraft:crouch_one_cm":15376,"tombstone:undead_killed":13,"tombstone:villager_killed":1,"minecraft:fall_one_cm":155145},"minecraft:killed":{"minecraft:cave_spider":4,"minecraft:spider":3,"minecraft:skeleton":7,"minecraft:silverfish":4,"minecraft:iron_golem":1,"minecraft:creeper":1,"minecraft:sheep":3,"minecraft:trader_llama":2,"minecraft:zombie":6,"minecraft:villager":1,"minecraft:enderman":4,"minecraft:cow":2},"minecraft:picked_up":{"minecraft:crafting_table":4,"minecraft:wheat":46,"minecraft:azure_bluet":2,"minecraft:chainmail_boots":20,"minecraft:lead":2,"minecraft:wooden_pickaxe":1,"alexscaves:cave_tablet":8,"minecraft:oak_stairs":52,"minecraft:gold_block":2,"minecraft:brewing_stand":1,"minecraft:amethyst_block":3,"minecraft:string":6,"minecraft:iron_shovel":5,"minecraft:beetroot":4,"minecraft:cobbled_deepslate":35,"minecraft:spruce_planks":16,"minecraft:calcite":2,"minecraft:poppy":2,"minecraft:deepslate_iron_ore":1,"minecraft:chest":1,"minecraft:furnace":2,"minecraft:iron_boots":13,"minecraft:golden_helmet":1,"minecraft:stick":191,"minecraft:raw_iron":77,"minecraft:stone":29,"minecraft:oak_door":1,"minecraft:composter":6,"minecraft:oak_fence":9,"minecraft:torch":11,"minecraft:amethyst_cluster":2,"sophisticatedbackpacks:backpack":1,"tombstone:grave_dust":2,"minecraft:pointed_dripstone":5,"minecraft:diorite":3,"minecraft:carrot":33,"minecraft:redstone":18,"minecraft:cauldron":4,"minecraft:arrow":8,"minecraft:rotten_flesh":4,"minecraft:beetroot_seeds":13,"minecraft:hay_block":23,"alexscaves:spelunkery_table":1,"minecraft:obsidian":11,"minecraft:mutton":4,"minecraft:emerald_ore":1,"minecraft:rail":88,"minecraft:white_wool":6,"minecraft:cobblestone":191,"minecraft:lapis_ore":2,"minecraft:stripped_oak_log":17,"minecraft:magma_block":3,"minecraft:cooked_beef":6,"minecraft:glow_ink_sac":3,"minecraft:andesite":4,"minecraft:leather":5,"minecraft:potato":11,"alexscaves:cave_book":1,"minecraft:flint":3,"minecraft:tuff":1,"minecraft:oak_log":38,"minecraft:yellow_bed":4,"minecraft:paper":15,"minecraft:lapis_lazuli":32,"minecraft:dirt":658,"minecraft:bone":9,"minecraft:stone_bricks":1,"minecraft:large_amethyst_bud":1,"minecraft:bow":5,"minecraft:wheat_seeds":217,"minecraft:raw_gold":12,"minecraft:bell":1,"minecraft:iron_ingot":11,"alexscaves:radrock":96,"minecraft:stone_pickaxe":21,"minecraft:fletching_table":2,"minecraft:bamboo":16,"minecraft:powered_rail":4,"alexscaves:radrock_uranium_ore":18,"minecraft:oak_planks":36,"minecraft:book":6,"minecraft:smooth_basalt":2,"minecraft:dripstone_block":7,"minecraft:gravel":22,"minecraft:sand":19,"minecraft:spruce_sapling":203,"minecraft:blast_furnace":3,"minecraft:white_bed":9,"minecraft:spruce_log":1788,"minecraft:crying_obsidian":3,"minecraft:spider_eye":3,"minecraft:barrel":1,"minecraft:mossy_cobblestone":25,"minecraft:deepslate":1,"minecraft:diamond":2,"minecraft:stone_axe":24,"minecraft:deepslate_redstone_ore":2,"minecraft:granite":2,"minecraft:oak_sapling":11,"minecraft:netherrack":67,"minecraft:coal":48,"minecraft:ender_pearl":1},"minecraft:mined":{"minecraft:infested_deepslate":4,"minecraft:tuff":1,"minecraft:large_amethyst_bud":1,"alexscaves:spelunkery_table":1,"minecraft:crying_obsidian":3,"minecraft:spruce_planks":3,"minecraft:white_bed":9,"minecraft:farmland":27,"minecraft:mossy_cobblestone":26,"minecraft:deepslate_diamond_ore":1,"minecraft:oak_door":1,"alexscaves:radrock":100,"minecraft:jungle_leaves":1,"minecraft:brewing_stand":1,"minecraft:obsidian":11,"minecraft:granite":2,"minecraft:budding_amethyst":1,"minecraft:grass_block":295,"minecraft:spruce_leaves":89,"minecraft:composter":6,"minecraft:spawner":1,"minecraft:hay_block":25,"alexscaves:radrock_uranium_ore":18,"minecraft:magma_block":4,"minecraft:carrots":1,"minecraft:spruce_sapling":21,"minecraft:furnace":2,"minecraft:iron_ore":43,"minecraft:cobbled_deepslate":3,"minecraft:fire":9,"minecraft:barrel":1,"minecraft:andesite":5,"minecraft:deepslate_lapis_ore":5,"minecraft:fletching_table":2,"minecraft:gold_block":2,"minecraft:azure_bluet":2,"minecraft:bookshelf":1,"minecraft:pointed_dripstone":2,"minecraft:dirt_path":64,"minecraft:deepslate_iron_ore":26,"minecraft:water_cauldron":4,"minecraft:rail":86,"minecraft:oak_stairs":52,"alexscaves:underweed":1,"minecraft:stripped_oak_log":17,"minecraft:bamboo":3,"minecraft:stone":118,"minecraft:white_wool":3,"minecraft:deepslate_redstone_ore":6,"minecraft:glass_pane":3,"minecraft:amethyst_cluster":2,"minecraft:dandelion":1,"minecraft:powder_snow":7,"minecraft:oak_fence":9,"minecraft:crafting_table":4,"minecraft:torch":4,"minecraft:blast_furnace":3,"minecraft:emerald_ore":1,"minecraft:calcite":2,"minecraft:chest":1,"minecraft:tall_grass":14,"minecraft:cobblestone":98,"minecraft:lapis_ore":2,"minecraft:deepslate_gold_ore":11,"minecraft:oak_planks":36,"minecraft:diorite":3,"minecraft:amethyst_block":4,"minecraft:powered_rail":4,"minecraft:wheat":90,"minecraft:spruce_log":1726,"minecraft:yellow_bed":4,"minecraft:grass":126,"minecraft:oak_log":37,"minecraft:coal_ore":40,"minecraft:beetroots":1,"minecraft:gravel":21,"minecraft:sand":18,"minecraft:dripstone_block":8,"minecraft:dirt":259,"minecraft:smooth_basalt":2,"minecraft:stone_bricks":2,"minecraft:netherrack":106,"minecraft:gold_ore":1,"minecraft:deepslate":33,"minecraft:oak_leaves":33,"minecraft:infested_stone":3}},"DataVersion":3465}