{"stats":{"minecraft:mined":{"minecraft:grass":7,"minecraft:dirt":3,"minecraft:tall_grass":5,"minecraft:spruce_leaves":34,"minecraft:spruce_log":10,"minecraft:powder_snow":7,"minecraft:azure_bluet":2},"minecraft:used":{"minecraft:dirt":3,"tombstone:gift":2},"minecraft:picked_up":{"minecraft:stick":2,"minecraft:azure_bluet":2,"minecraft:wheat_seeds":1,"minecraft:wooden_pickaxe":1,"minecraft:spruce_sapling":4,"minecraft:spruce_log":10,"minecraft:mutton":4,"minecraft:dirt":3,"minecraft:white_wool":3},"minecraft:killed":{"minecraft:sheep":3},"minecraft:custom":{"minecraft:time_since_rest":1392,"minecraft:crouch_one_cm":159,"minecraft:deaths":1,"minecraft:play_time":12322,"minecraft:sprint_one_cm":27503,"minecraft:damage_taken":490,"minecraft:walk_one_cm":9626,"minecraft:sneak_time":50,"minecraft:walk_under_water_one_cm":54,"minecraft:mob_kills":3,"minecraft:jump":270,"minecraft:damage_dealt":290,"minecraft:walk_on_water_one_cm":207,"minecraft:time_since_death":2885,"minecraft:total_world_time":12322,"minecraft:swim_one_cm":502,"minecraft:fall_one_cm":11034,"minecraft:fly_one_cm":63549}},"DataVersion":3465}