{"stats":{"minecraft:crafted":{"minecraft:crafting_table":3,"minecraft:spruce_planks":36,"minecraft:stick":8,"minecraft:iron_pickaxe":1,"minecraft:stone_pickaxe":1,"minecraft:stone_hoe":1,"minecraft:stone_axe":1,"minecraft:bread":66,"minecraft:wheat":198},"minecraft:mined":{"minecraft:hay_block":24,"minecraft:spruce_planks":3,"minecraft:white_bed":1,"minecraft:spruce_log":11,"minecraft:andesite":1,"minecraft:powder_snow":7,"minecraft:crafting_table":2,"minecraft:azure_bluet":2,"minecraft:grass":8,"minecraft:dirt":3,"minecraft:tall_grass":5,"minecraft:spruce_leaves":34,"minecraft:stone":11,"minecraft:white_wool":3},"minecraft:picked_up":{"minecraft:stick":2,"minecraft:crafting_table":2,"minecraft:azure_bluet":2,"minecraft:andesite":1,"minecraft:wooden_pickaxe":1,"minecraft:spruce_sapling":4,"minecraft:white_bed":1,"minecraft:spruce_log":11,"minecraft:dirt":3,"minecraft:wheat_seeds":1,"minecraft:spruce_planks":3,"minecraft:hay_block":22,"minecraft:iron_ingot":3,"minecraft:poppy":2,"minecraft:mutton":4,"minecraft:white_wool":6,"minecraft:cobblestone":11},"minecraft:custom":{"minecraft:time_since_rest":741,"minecraft:sprint_one_cm":46975,"minecraft:damage_taken":715,"minecraft:walk_one_cm":22649,"minecraft:mob_kills":5,"minecraft:damage_dealt":1489,"minecraft:swim_one_cm":15254,"minecraft:interact_with_crafting_table":5,"minecraft:fly_one_cm":107118,"minecraft:crouch_one_cm":159,"minecraft:play_time":22832,"tombstone:undead_killed":1,"minecraft:deaths":1,"minecraft:sneak_time":295,"minecraft:walk_under_water_one_cm":675,"minecraft:jump":502,"minecraft:leave_game":1,"minecraft:walk_on_water_one_cm":3465,"minecraft:time_since_death":13395,"minecraft:sleep_in_bed":1,"minecraft:total_world_time":22832,"minecraft:fall_one_cm":17582},"minecraft:killed":{"minecraft:sheep":3,"minecraft:zombie":1,"minecraft:iron_golem":1},"minecraft:used":{"minecraft:bread":3,"minecraft:stone_pickaxe":8,"minecraft:spruce_planks":3,"minecraft:wooden_pickaxe":5,"minecraft:spruce_sapling":4,"minecraft:stone_hoe":24,"minecraft:stone_axe":18,"minecraft:white_wool":3,"minecraft:dirt":3,"minecraft:crafting_table":4,"tombstone:gift":2,"minecraft:spruce_log":1}},"DataVersion":3465}