{"stats":{"minecraft:crafted":{"minecraft:oak_planks":24,"minecraft:stone_shovel":2,"minecraft:furnace":3,"minecraft:bone_meal":6,"minecraft:iron_boots":1,"minecraft:iron_axe":1,"minecraft:stone_pickaxe":1,"minecraft:chest":4,"minecraft:stone_hoe":1,"minecraft:wheat":198,"minecraft:emerald":16,"minecraft:crafting_table":3,"minecraft:spruce_planks":408,"minecraft:iron_helmet":1,"minecraft:bucket":1,"minecraft:stone_axe":2,"minecraft:bread":66,"minecraft:air":0,"minecraft:iron_chestplate":1,"minecraft:shield":1,"minecraft:stick":748,"minecraft:iron_ingot":30,"minecraft:iron_pickaxe":2,"minecraft:iron_shovel":1,"minecraft:iron_leggings":1,"minecraft:torch":4},"minecraft:mined":{"minecraft:infested_deepslate":4,"alexscaves:spelunkery_table":1,"minecraft:spruce_planks":3,"minecraft:white_bed":9,"minecraft:mossy_cobblestone":21,"minecraft:deepslate_diamond_ore":1,"minecraft:brewing_stand":1,"minecraft:granite":1,"minecraft:grass_block":22,"minecraft:spruce_leaves":35,"minecraft:composter":1,"minecraft:spawner":1,"minecraft:hay_block":24,"minecraft:spruce_sapling":2,"minecraft:furnace":2,"minecraft:iron_ore":25,"minecraft:cobbled_deepslate":3,"minecraft:barrel":1,"minecraft:andesite":5,"minecraft:fletching_table":1,"minecraft:deepslate_lapis_ore":5,"minecraft:azure_bluet":2,"minecraft:gold_block":2,"minecraft:bookshelf":1,"minecraft:pointed_dripstone":2,"minecraft:water_cauldron":4,"minecraft:deepslate_iron_ore":25,"minecraft:dirt_path":23,"minecraft:rail":86,"minecraft:stripped_oak_log":5,"minecraft:stone":81,"minecraft:white_wool":3,"minecraft:deepslate_redstone_ore":4,"minecraft:powder_snow":7,"minecraft:oak_fence":8,"minecraft:crafting_table":4,"minecraft:blast_furnace":2,"minecraft:chest":1,"minecraft:tall_grass":5,"minecraft:cobblestone":59,"minecraft:deepslate_gold_ore":11,"minecraft:powered_rail":4,"minecraft:spruce_log":149,"minecraft:yellow_bed":4,"minecraft:grass":21,"minecraft:oak_log":1,"minecraft:coal_ore":36,"minecraft:dripstone_block":8,"minecraft:sand":17,"minecraft:dirt":17,"minecraft:stone_bricks":1,"minecraft:netherrack":2,"minecraft:gold_ore":1,"minecraft:oak_leaves":2,"minecraft:deepslate":32,"minecraft:infested_stone":3},"minecraft:broken":{"minecraft:stone_axe":1,"minecraft:iron_pickaxe":1},"minecraft:dropped":{"minecraft:bread":32,"minecraft:stick":260,"minecraft:emerald":3,"minecraft:iron_pickaxe":1,"minecraft:iron_shovel":1,"minecraft:stone_shovel":1},"minecraft:picked_up":{"minecraft:crafting_table":4,"minecraft:azure_bluet":2,"minecraft:wooden_pickaxe":1,"alexscaves:cave_tablet":8,"minecraft:gold_block":2,"minecraft:brewing_stand":1,"minecraft:string":5,"minecraft:cobbled_deepslate":35,"minecraft:spruce_planks":6,"minecraft:poppy":2,"minecraft:chest":1,"minecraft:furnace":2,"minecraft:golden_helmet":1,"minecraft:stick":49,"minecraft:raw_iron":49,"minecraft:composter":1,"minecraft:oak_fence":8,"minecraft:torch":5,"minecraft:pointed_dripstone":5,"minecraft:redstone":18,"minecraft:cauldron":4,"minecraft:rotten_flesh":1,"minecraft:hay_block":22,"alexscaves:spelunkery_table":1,"minecraft:mutton":4,"minecraft:cobblestone":144,"minecraft:white_wool":6,"minecraft:rail":88,"minecraft:stripped_oak_log":5,"minecraft:andesite":4,"minecraft:potato":7,"minecraft:flint":1,"alexscaves:cave_book":1,"minecraft:oak_log":1,"minecraft:yellow_bed":4,"minecraft:lapis_lazuli":32,"minecraft:dirt":61,"minecraft:paper":15,"minecraft:bone":2,"minecraft:stone_bricks":1,"minecraft:bow":5,"minecraft:wheat_seeds":3,"minecraft:raw_gold":12,"minecraft:bell":1,"minecraft:iron_ingot":3,"minecraft:fletching_table":1,"minecraft:powered_rail":4,"minecraft:book":6,"minecraft:gravel":3,"minecraft:dripstone_block":7,"minecraft:sand":18,"minecraft:spruce_sapling":17,"minecraft:blast_furnace":2,"minecraft:white_bed":9,"minecraft:spruce_log":141,"minecraft:barrel":1,"minecraft:spider_eye":2,"minecraft:mossy_cobblestone":20,"minecraft:diamond":2,"minecraft:granite":1,"minecraft:netherrack":2,"minecraft:coal":35,"minecraft:ender_pearl":1},"minecraft:custom":{"minecraft:mob_kills":20,"minecraft:interact_with_crafting_table":21,"minecraft:open_barrel":1,"minecraft:leave_game":4,"minecraft:time_since_death":30367,"minecraft:sprint_one_cm":228236,"minecraft:walk_one_cm":204915,"minecraft:damage_blocked_by_shield":605,"minecraft:drop":13,"minecraft:talked_to_villager":4,"minecraft:play_time":92022,"minecraft:deaths":2,"minecraft:sneak_time":2765,"minecraft:walk_under_water_one_cm":10138,"minecraft:jump":2042,"minecraft:interact_with_blast_furnace":5,"minecraft:walk_on_water_one_cm":20771,"minecraft:total_world_time":92022,"minecraft:interact_with_furnace":5,"minecraft:traded_with_villager":18,"minecraft:sleep_in_bed":3,"minecraft:time_since_rest":27999,"minecraft:damage_taken":2250,"minecraft:damage_dealt":4000,"minecraft:swim_one_cm":27896,"minecraft:fly_one_cm":330863,"minecraft:open_chest":31,"minecraft:crouch_one_cm":3138,"tombstone:undead_killed":4,"tombstone:villager_killed":1,"minecraft:fall_one_cm":62869},"minecraft:killed":{"minecraft:cave_spider":4,"minecraft:skeleton":1,"minecraft:silverfish":4,"minecraft:iron_golem":1,"minecraft:sheep":3,"minecraft:zombie":3,"minecraft:villager":1,"minecraft:enderman":2},"minecraft:used":{"minecraft:stone_shovel":64,"minecraft:chest":5,"minecraft:spruce_planks":3,"minecraft:shield":17,"minecraft:bell":1,"minecraft:stone_hoe":26,"minecraft:netherrack":2,"minecraft:torch":10,"minecraft:brewing_stand":1,"minecraft:dirt":22,"minecraft:granite":1,"minecraft:iron_axe":45,"minecraft:barrel":1,"minecraft:furnace":3,"tombstone:gift":2,"minecraft:cobbled_deepslate":35,"minecraft:water_bucket":9,"minecraft:stone_pickaxe":8,"minecraft:oak_planks":12,"minecraft:wooden_pickaxe":5,"minecraft:fletching_table":1,"minecraft:white_wool":3,"minecraft:mossy_cobblestone":1,"minecraft:sand":3,"minecraft:crafting_table":7,"minecraft:blast_furnace":2,"minecraft:white_bed":9,"minecraft:dripstone_block":7,"minecraft:spruce_log":1,"minecraft:bread":29,"minecraft:iron_pickaxe":422,"minecraft:spruce_sapling":14,"minecraft:gravel":3,"minecraft:stone_axe":158,"minecraft:cobblestone":108,"minecraft:andesite":3,"minecraft:bucket":9,"minecraft:yellow_bed":4,"minecraft:bone_meal":6}},"DataVersion":3465}