{"stats":{"minecraft:broken":{"minecraft:iron_axe":2,"minecraft:iron_pickaxe":2,"minecraft:stone_axe":1},"minecraft:dropped":{"minecraft:glass_bottle":2,"minecraft:cookie":540,"minecraft:warped_roots":1,"artifacts:cloud_in_a_bottle":1,"minecraft:mossy_stone_brick_stairs":1,"minecraft:fletching_table":1,"minecraft:cracked_stone_bricks":2,"minecraft:saddle":1,"minecraft:emerald":3,"sophisticatedbackpacks:gold_backpack":1,"minecraft:dirt":129,"minecraft:chain":1,"minecraft:gold_nugget":4,"minecraft:bone_meal":150,"minecraft:sand":9,"cataclysm:chorus_fence":5,"minecraft:polished_blackstone_slab":7,"minecraft:iron_pickaxe":3,"minecraft:white_wool":2,"minecraft:bone":12,"minecraft:stone_axe":73,"minecraft:netherite_sword":1,"minecraft:rotten_flesh":49,"minecraft:end_stone":294,"minecraft:nether_brick_fence":1,"minecraft:azure_bluet":1,"alexscaves:cave_book":1,"minecraft:spruce_slab":4,"minecraft:end_stone_bricks":4,"minecraft:stone_brick_stairs":2,"minecraft:wheat_seeds":478,"cataclysm:obsidian_brick_wall":5,"minecraft:prismarine_crystals":5,"minecraft:iron_helmet":1,"minecraft:cobblestone":35,"minecraft:coal":6,"minecraft:polished_blackstone_stairs":1,"cataclysm:polished_end_stone_stairs":2,"minecraft:golden_carrot":13,"minecraft:blackstone_wall":2,"minecraft:diamond_helmet":2,"minecraft:oak_stairs":3,"minecraft:pumpkin":16,"minecraft:chainmail_leggings":1,"minecraft:iron_shovel":19,"minecraft:string":2,"minecraft:spruce_sapling":38,"minecraft:stone_brick_slab":2,"alexscaves:uranium":1,"minecraft:stone_sword":2,"minecraft:bowl":5,"minecraft:stone_shovel":3,"minecraft:white_carpet":5,"minecraft:iron_boots":45,"minecraft:nether_bricks":4,"minecraft:shears":1,"minecraft:pumpkin_seeds":3,"minecraft:suspicious_stew":15,"minecraft:diamond_sword":1,"minecraft:potato":445,"minecraft:spruce_planks":1,"minecraft:bundle":2,"minecraft:diamond_pickaxe":2,"minecraft:spider_eye":3,"minecraft:stone_bricks":14,"minecraft:bamboo":57,"sophisticatedbackpacks:copper_backpack":1,"minecraft:bow":1,"minecraft:warped_fungus":1,"minecraft:large_amethyst_bud":1,"minecraft:ender_pearl":2,"minecraft:lantern":12,"minecraft:polished_blackstone_brick_wall":1,"minecraft:cod":1,"minecraft:spruce_leaves":9,"artifacts:night_vision_goggles":2,"minecraft:cracked_polished_blackstone_bricks":1,"minecraft:polished_blackstone_brick_stairs":6,"minecraft:cooked_cod":2,"minecraft:gilded_blackstone":18,"alexscaves:cave_map":1,"minecraft:pumpkin_pie":94,"minecraft:polished_blackstone_bricks":3,"minecraft:gravel":32,"minecraft:blackstone":39,"alexscaves:radrock":74,"minecraft:beetroot":4,"minecraft:diamond_shovel":1,"minecraft:prismarine":1,"minecraft:chainmail_chestplate":3,"sophisticatedbackpacks:diamond_backpack":1,"artifacts:chorus_totem":2,"minecraft:carrot":33,"minecraft:shulker_shell":1,"minecraft:poppy":4,"cataclysm:stone_tile_stairs":1,"minecraft:beetroot_seeds":30,"minecraft:melon_seeds":6,"minecraft:chainmail_boots":50,"minecraft:blackstone_slab":1,"minecraft:iron_bars":15,"minecraft:arrow":8,"minecraft:netherrack":1224,"minecraft:firework_rocket":32,"minecraft:stone_hoe":1,"minecraft:bread":78,"minecraft:mossy_cobblestone":1,"tombstone:tablet_of_home":1,"minecraft:diamond_leggings":1,"minecraft:poisonous_potato":2,"minecraft:golden_axe":1,"minecraft:amethyst_block":2,"cataclysm:stone_pillar":4,"minecraft:spruce_stairs":1,"minecraft:grass_block":1,"minecraft:stick":328,"minecraft:torch":8,"cataclysm:void_core":1,"minecraft:iron_door":1,"minecraft:iron_leggings":1,"cataclysm:void_stone":2,"minecraft:polished_blackstone_brick_slab":7,"minecraft:bucket":1,"minecraft:dandelion":7,"minecraft:nether_brick_slab":3,"minecraft:kelp":66,"minecraft:stripped_oak_log":2,"cataclysm:stone_tiles":8,"cataclysm:chiseled_obsidian_bricks":1,"minecraft:end_stone_brick_stairs":2,"minecraft:diamond_chestplate":1,"minecraft:iron_chestplate":1,"minecraft:cake":2,"minecraft:mossy_stone_bricks":1,"minecraft:oak_sapling":11,"minecraft:golden_sword":2,"minecraft:diamond_boots":1,"minecraft:spruce_log":65,"minecraft:stone_pickaxe":68},"minecraft:crafted":{"minecraft:oak_sign":3,"minecraft:blaze_powder":16,"waystones:waystone":2,"minecraft:lever":1,"minecraft:diamond_shovel":1,"minecraft:bookshelf":22,"minecraft:cooked_mutton":16,"cataclysm:abyssal_sacrifice":1,"minecraft:glass":12,"minecraft:diamond_helmet":3,"minecraft:diamond_leggings":3,"minecraft:emerald":1129,"minecraft:diamond_axe":4,"enchantinginfuser:enchanting_infuser":1,"minecraft:smithing_table":1,"minecraft:fletching_table":3,"waystones:warp_stone":2,"minecraft:lectern":1,"cataclysm:abyss_eye":1,"minecraft:stone_slab":6,"minecraft:iron_pickaxe":2,"minecraft:iron_block":18,"minecraft:gold_ingot":54,"minecraft:netherite_ingot":7,"minecraft:spruce_fence_gate":48,"minecraft:golden_carrot":321,"alexscaves:uranium":18,"minecraft:stone_shovel":2,"minecraft:bone_meal":114,"minecraft:spruce_fence":9,"minecraft:white_carpet":15,"minecraft:lantern":24,"minecraft:spruce_stairs":24,"minecraft:spruce_slab":414,"minecraft:ender_pearl":1,"minecraft:stone_pickaxe":34,"minecraft:diamond_boots":3,"minecraft:wheat":207,"minecraft:coal_block":1,"minecraft:enchanting_table":1,"sophisticatedbackpacks:gold_backpack":1,"minecraft:glowstone":2,"minecraft:golden_apple":5,"minecraft:gunpowder":22,"minecraft:chainmail_boots":30,"minecraft:iron_shovel":13,"minecraft:iron_leggings":1,"minecraft:white_bed":1,"minecraft:grindstone":1,"minecraft:oak_planks":316,"minecraft:suspicious_stew":12,"minecraft:cake":2,"minecraft:hopper":6,"minecraft:stone_brick_slab":6,"minecraft:iron_boots":30,"minecraft:chest":19,"minecraft:netherite_helmet":1,"minecraft:netherite_upgrade_smithing_template":4,"minecraft:stone_hoe":1,"minecraft:ender_eye":15,"minecraft:stone_bricks":20,"minecraft:dropper":1,"minecraft:cauldron":3,"minecraft:crafting_table":7,"minecraft:spruce_planks":17224,"minecraft:iron_helmet":1,"minecraft:gold_block":8,"sophisticatedbackpacks:upgrade_base":1,"minecraft:dispenser":1,"minecraft:spruce_trapdoor":42,"enchantinginfuser:advanced_enchanting_infuser":1,"minecraft:book":5,"minecraft:iron_chestplate":1,"minecraft:paper":57,"minecraft:diamond_pickaxe":3,"minecraft:shield":1,"minecraft:stick":32912,"minecraft:iron_ingot":146,"sophisticatedbackpacks:filter_upgrade":1,"minecraft:shears":2,"minecraft:cookie":186,"minecraft:redstone":20,"minecraft:furnace":3,"alexscaves:cave_map":1,"minecraft:oak_trapdoor":4,"minecraft:flint_and_steel":2,"minecraft:netherite_chestplate":2,"minecraft:netherite_leggings":1,"minecraft:iron_axe":3,"minecraft:netherite_scrap":31,"minecraft:minecart":1,"sophisticatedbackpacks:iron_backpack":1,"minecraft:cooked_beef":6,"minecraft:diamond_sword":1,"minecraft:bucket":8,"minecraft:stone_axe":38,"minecraft:air":0,"minecraft:bread":104,"minecraft:oak_boat":2,"sophisticatedbackpacks:advanced_filter_upgrade":1,"minecraft:white_wool":7,"tombstone:dark_marble":1,"minecraft:anvil":1,"minecraft:pumpkin_pie":59,"minecraft:torch":48,"minecraft:lapis_lazuli":12,"minecraft:diamond_chestplate":2,"minecraft:firework_rocket":207},"minecraft:used":{"minecraft:dispenser":3,"minecraft:spruce_slab":522,"minecraft:elytra":46,"minecraft:poppy":3,"minecraft:chest":20,"minecraft:stone":11,"minecraft:soul_sand":53,"cataclysm:infernal_forge":2338,"minecraft:lava_bucket":20,"minecraft:villager_spawn_egg":7,"alexscaves:acidic_radrock":7,"minecraft:bow":260,"minecraft:furnace":3,"minecraft:end_stone_brick_stairs":19,"minecraft:potato":272,"minecraft:emerald_ore":1,"minecraft:mossy_stone_bricks":1,"minecraft:diorite":4,"minecraft:end_stone_bricks":6,"minecraft:blackstone":97,"minecraft:wooden_pickaxe":5,"minecraft:composter":11,"minecraft:cookie":1,"minecraft:golden_apple":8,"minecraft:sand":3,"minecraft:blast_furnace":6,"cataclysm:lionfish":2,"minecraft:lectern":10,"minecraft:diamond_sword":657,"minecraft:smithing_table":5,"minecraft:oak_boat":10,"minecraft:oak_trapdoor":8,"minecraft:netherrack":351,"minecraft:torch":77,"minecraft:brewing_stand":5,"minecraft:anvil":1,"minecraft:chainmail_chestplate":2,"minecraft:iron_axe":1322,"cataclysm:polished_end_stone":1,"minecraft:barrel":1,"minecraft:bamboo":28,"minecraft:smooth_basalt":2,"minecraft:diamond_chestplate":18,"minecraft:basalt":11,"tombstone:gift":11,"minecraft:pointed_dripstone":7,"minecraft:cobbled_deepslate":48,"minecraft:wheat_seeds":324,"minecraft:water_bucket":77,"minecraft:cauldron":7,"minecraft:fletching_table":21,"minecraft:gold_ore":1,"minecraft:spruce_fence_gate":33,"minecraft:cracked_stone_bricks":1,"minecraft:polished_blackstone_bricks":8,"minecraft:gilded_blackstone":33,"minecraft:mossy_cobblestone":1,"cataclysm:stone_pillar":1,"minecraft:rail":223,"minecraft:crafting_table":11,"minecraft:white_bed":15,"minecraft:cake":2,"minecraft:spruce_log":46,"minecraft:oak_log":1,"minecraft:amethyst_cluster":2,"minecraft:ender_eye":25,"minecraft:diamond_pickaxe":4836,"minecraft:diamond_shovel":689,"minecraft:iron_pickaxe":500,"minecraft:suspicious_stew":6,"tombstone:magic_scroll":22,"minecraft:spruce_trapdoor":26,"minecraft:spruce_sapling":335,"enchantinginfuser:enchanting_infuser":1,"minecraft:cobblestone":618,"minecraft:potion":2,"minecraft:kelp":68,"alexscaves:radrock":37,"minecraft:dandelion":1,"minecraft:iron_shovel":809,"minecraft:oak_sign":1,"minecraft:bone_block":2,"minecraft:shield":43,"minecraft:nether_wart":36,"minecraft:bell":5,"minecraft:spruce_leaves":32,"minecraft:nether_bricks":86,"minecraft:obsidian":26,"cataclysm:polished_end_stone_stairs":4,"enchantinginfuser:advanced_enchanting_infuser":1,"minecraft:glass":12,"minecraft:lantern":31,"minecraft:magma_block":12,"minecraft:gray_bed":2,"cataclysm:coral_spear":1,"cataclysm:monstrous_helm":1,"minecraft:diamond_boots":3,"minecraft:dropper":2,"minecraft:stone_pickaxe":10,"minecraft:oak_planks":15,"minecraft:ender_pearl":24,"minecraft:sugar_cane":20,"minecraft:diamond_axe":3558,"minecraft:white_wool":13,"minecraft:netherite_leggings":1,"minecraft:end_stone":377,"alexscaves:cave_book":3,"minecraft:deepslate_redstone_ore":2,"minecraft:black_bed":3,"minecraft:shears":85,"minecraft:dripstone_block":7,"waystones:waystone":12,"minecraft:lever":4,"minecraft:firework_rocket":166,"minecraft:bread":42,"minecraft:gravel":47,"tombstone:familiar_stone":6,"minecraft:stripped_oak_wood":1,"minecraft:grindstone":1,"minecraft:andesite":13,"minecraft:bone_meal":26,"minecraft:golden_pickaxe":7,"minecraft:oak_fence":9,"minecraft:purpur_block":1,"minecraft:netherite_sword":188,"minecraft:flint_and_steel":10,"minecraft:redstone_ore":2,"minecraft:stone_shovel":64,"minecraft:spruce_planks":212,"cataclysm:coral_bardiche":34,"minecraft:deepslate_gold_ore":8,"minecraft:stone_hoe":119,"minecraft:dirt":1490,"minecraft:white_carpet":15,"minecraft:hopper":11,"minecraft:spruce_stairs":20,"minecraft:shulker_box":34,"minecraft:granite":3,"minecraft:spruce_fence":9,"minecraft:stone_brick_slab":4,"minecraft:bookshelf":21,"minecraft:polished_blackstone_brick_stairs":2,"alexscaves:spelunkery_table":1,"cataclysm:abyss_eye":4,"minecraft:golden_carrot":206,"cataclysm:end_stone_teleport_trap_bricks":1,"minecraft:minecart":7,"minecraft:cooked_beef":11,"minecraft:enchanted_golden_apple":1,"minecraft:brown_bed":1,"minecraft:cooked_mutton":16,"minecraft:iron_ore":2,"minecraft:amethyst_block":2,"minecraft:glass_bottle":1,"minecraft:netherite_chestplate":31,"minecraft:cracked_polished_blackstone_bricks":3,"minecraft:lapis_ore":2,"minecraft:netherite_axe":25,"minecraft:stone_slab":3,"minecraft:stone_axe":158,"minecraft:bucket":104,"minecraft:yellow_bed":14},"minecraft:custom":{"minecraft:interact_with_crafting_table":155,"minecraft:open_barrel":16,"minecraft:bell_ring":19,"minecraft:eat_cake_slice":10,"minecraft:leave_game":45,"minecraft:time_since_death":773823,"minecraft:damage_blocked_by_shield":1966,"minecraft:play_time":1432920,"minecraft:deaths":5,"minecraft:jump":19664,"minecraft:enchant_item":47,"minecraft:interact_with_furnace":41,"minecraft:traded_with_villager":1520,"minecraft:sleep_in_bed":30,"minecraft:waystone_activated":13,"minecraft:damage_dealt":104299,"tombstone:undead_killed":122,"minecraft:use_cauldron":15,"minecraft:inspect_dispenser":7,"minecraft:interact_with_smithing_table":14,"minecraft:inspect_dropper":2,"minecraft:interact_with_anvil":24,"minecraft:inspect_hopper":10,"minecraft:damage_dealt_absorbed":360,"minecraft:sneak_time":49612,"minecraft:interact_with_blast_furnace":98,"minecraft:total_world_time":1432920,"tombstone:raider_killed":30,"minecraft:time_since_rest":47657,"tombstone:cast_on_ally":0,"minecraft:swim_one_cm":1220098,"minecraft:fly_one_cm":6166100,"minecraft:open_chest":943,"minecraft:fall_one_cm":649956,"minecraft:animals_bred":1,"minecraft:open_shulker_box":65,"minecraft:damage_resisted":276,"minecraft:sprint_one_cm":2809878,"minecraft:drop":622,"minecraft:talked_to_villager":383,"minecraft:interact_with_brewingstand":2,"minecraft:walk_on_water_one_cm":203541,"minecraft:interact_with_loom":2,"minecraft:open_enderchest":6,"minecraft:player_kills":1,"minecraft:crouch_one_cm":110284,"tombstone:villager_killed":7,"minecraft:mob_kills":657,"minecraft:fill_cauldron":3,"minecraft:damage_dealt_resisted":372,"minecraft:climb_one_cm":5350,"minecraft:walk_one_cm":3323481,"minecraft:raid_win":1,"minecraft:walk_under_water_one_cm":458031,"minecraft:boat_one_cm":43,"minecraft:raid_trigger":1,"minecraft:interact_with_grindstone":10,"minecraft:damage_taken":19558,"minecraft:damage_absorbed":371,"minecraft:aviate_one_cm":5781621},"minecraft:killed":{"minecraft:cave_spider":10,"minecraft:shulker":14,"minecraft:skeleton":36,"minecraft:guardian":10,"cataclysm:endermaptera":5,"cataclysm:ender_golem":6,"minecraft:magma_cube":10,"minecraft:elder_guardian":3,"minecraft:iron_golem":4,"minecraft:pillager":18,"minecraft:zombie":56,"cataclysm:deepling":27,"minecraft:cow":2,"minecraft:vindicator":2,"minecraft:warden":2,"cataclysm:deepling_angler":13,"minecraft:ravager":1,"minecraft:polar_bear":1,"cataclysm:coralssus":3,"minecraft:enderman":228,"minecraft:zombified_piglin":6,"minecraft:spider":7,"cataclysm:netherite_monstrosity":1,"minecraft:silverfish":6,"minecraft:piglin_brute":22,"minecraft:piglin":11,"cataclysm:deepling_warlock":3,"minecraft:creeper":17,"minecraft:sheep":4,"minecraft:trader_llama":2,"cataclysm:ender_guardian":1,"cataclysm:deepling_brute":7,"minecraft:ghast":1,"minecraft:blaze":45,"minecraft:drowned":1,"cataclysm:lionfish":3,"minecraft:hoglin":1,"minecraft:wither_skeleton":23,"minecraft:villager":7},"minecraft:picked_up":{"minecraft:chainmail_boots":22,"minecraft:suspicious_stew":11,"minecraft:flower_pot":1,"minecraft:prismarine_shard":18,"minecraft:diamond_sword":1,"minecraft:smithing_table":4,"minecraft:lead":5,"cataclysm:chiseled_obsidian_bricks":9,"minecraft:oak_stairs":52,"minecraft:brown_bed":1,"artifacts:chorus_totem":1,"minecraft:wither_rose":1,"minecraft:enchanted_book":3,"cataclysm:abyss_eye":4,"minecraft:brewing_stand":9,"minecraft:golden_sword":2,"minecraft:amethyst_block":5,"minecraft:music_disc_cat":1,"minecraft:polished_blackstone_brick_stairs":17,"minecraft:string":29,"minecraft:beetroot":4,"minecraft:diamond_leggings":2,"minecraft:gold_nugget":59,"minecraft:cobbled_deepslate":48,"minecraft:spruce_planks":127,"minecraft:golden_helmet":1,"minecraft:polished_blackstone_brick_slab":21,"minecraft:polished_blackstone_stairs":1,"minecraft:composter":11,"minecraft:purpur_pillar":4,"minecraft:golden_axe":1,"minecraft:cauldron":8,"minecraft:stone_sword":5,"minecraft:blackstone_wall":2,"minecraft:iron_block":2,"minecraft:carved_pumpkin":1,"minecraft:end_rod":1,"minecraft:blaze_rod":39,"minecraft:iron_bars":18,"minecraft:magma_block":33,"minecraft:cooked_beef":6,"minecraft:iron_door":1,"minecraft:flint":15,"cataclysm:coral_spear":2,"minecraft:lantern":17,"tombstone:familiar_receptacle":1,"minecraft:large_amethyst_bud":1,"cataclysm:abyssal_egg":1,"minecraft:dropper":2,"cataclysm:obsidian_brick_wall":24,"sophisticatedbackpacks:iron_backpack":1,"minecraft:dark_oak_log":1,"minecraft:barrel":3,"cataclysm:stone_tiles":8,"minecraft:bundle":4,"cataclysm:lionfish":3,"minecraft:dispenser":2,"minecraft:deepslate":5,"minecraft:lever":3,"minecraft:deepslate_gold_ore":8,"enchantinginfuser:enchanting_infuser":1,"minecraft:granite":5,"minecraft:golden_horse_armor":1,"minecraft:bread":6,"minecraft:diamond_pickaxe":1,"minecraft:spruce_leaves":74,"minecraft:crafting_table":5,"minecraft:nether_wart":42,"cataclysm:stone_tile_stairs":1,"minecraft:dragon_head":1,"minecraft:purpur_block":17,"minecraft:elytra":2,"minecraft:white_carpet":5,"minecraft:iron_shovel":10,"minecraft:cracked_stone_bricks":3,"minecraft:netherite_sword":1,"minecraft:poppy":11,"minecraft:spruce_slab":235,"minecraft:minecart":13,"minecraft:chest":7,"minecraft:stone":35,"cataclysm:polished_end_stone":1,"minecraft:oak_door":1,"sophisticatedbackpacks:backpack":1,"minecraft:amethyst_cluster":2,"minecraft:spruce_fence":3,"minecraft:cake":2,"minecraft:carrot":34,"minecraft:redstone":40,"minecraft:prismarine_crystals":5,"minecraft:tnt":3,"minecraft:stone_shovel":1,"minecraft:diamond_chestplate":2,"minecraft:cooked_cod":2,"minecraft:beetroot_seeds":30,"minecraft:hay_block":23,"minecraft:diamond_boots":1,"minecraft:purpur_slab":1,"minecraft:gold_ingot":1,"sophisticatedbackpacks:copper_backpack":2,"minecraft:polished_blackstone":9,"minecraft:glow_berries":5,"minecraft:mutton":4,"minecraft:white_wool":16,"minecraft:bone_block":16,"minecraft:rail":283,"minecraft:emerald_ore":1,"minecraft:lapis_ore":2,"minecraft:stripped_oak_log":28,"alexscaves:sulfur_dust":44,"minecraft:blackstone_slab":1,"cataclysm:void_jaw":4,"minecraft:purpur_stairs":1,"minecraft:oak_log":54,"minecraft:ancient_debris":19,"minecraft:paper":41,"tombstone:gift":1,"minecraft:white_banner":6,"minecraft:apple":1,"minecraft:stone_bricks":15,"minecraft:kelp":134,"minecraft:stone_pickaxe":35,"minecraft:iron_ore":7,"minecraft:glass_bottle":1,"minecraft:gray_bed":2,"minecraft:smooth_basalt":2,"minecraft:gravel":111,"minecraft:spruce_sapling":376,"minecraft:spruce_log":4449,"minecraft:crying_obsidian":7,"minecraft:diamond_shovel":1,"minecraft:stone_axe":36,"minecraft:rib_armor_trim_smithing_template":1,"minecraft:redstone_ore":2,"minecraft:deepslate_redstone_ore":2,"minecraft:warped_roots":1,"minecraft:polished_blackstone_brick_wall":7,"minecraft:melon_seeds":6,"minecraft:hopper":5,"minecraft:ender_pearl":90,"minecraft:shulker_shell":4,"minecraft:wheat":155,"cataclysm:monstrous_horn":1,"minecraft:nether_brick_fence":2,"alexscaves:cave_tablet":11,"minecraft:potion":2,"minecraft:gilded_blackstone":60,"minecraft:stone_brick_stairs":2,"minecraft:raw_copper":72,"cataclysm:end_stone_teleport_trap_bricks":1,"alexscaves:acidic_radrock":9,"minecraft:activator_rail":8,"minecraft:bucket":1,"minecraft:ender_eye":11,"minecraft:calcite":2,"minecraft:iron_pickaxe":1,"minecraft:deepslate_iron_ore":7,"minecraft:iron_boots":16,"minecraft:furnace":2,"minecraft:tipped_arrow":1,"minecraft:stick":269,"minecraft:oak_fence":16,"minecraft:torch":75,"cataclysm:chiseled_stone_brick_pillar":1,"minecraft:spruce_stairs":2,"minecraft:porkchop":4,"minecraft:pointed_dripstone":9,"cataclysm:void_infused_end_stone_bricks":5,"tombstone:grave_dust":18,"minecraft:diorite":7,"cataclysm:chiseled_purpur_block":1,"cataclysm:coral_chunk":3,"cataclysm:polished_end_stone_stairs":12,"minecraft:rotten_flesh":121,"cataclysm:athame":4,"cataclysm:void_stone":3,"minecraft:obsidian":45,"minecraft:cod":1,"cataclysm:stone_pillar":5,"minecraft:cobblestone":643,"minecraft:magma_cream":6,"minecraft:andesite":16,"minecraft:black_bed":4,"cataclysm:coral_bardiche":1,"minecraft:potato":973,"alexscaves:cave_book":3,"minecraft:tuff":1,"cataclysm:gauntlet_of_guard":2,"minecraft:lapis_lazuli":64,"minecraft:dirt":1620,"minecraft:name_tag":1,"minecraft:bone":113,"minecraft:bow":6,"minecraft:wheat_seeds":849,"minecraft:raw_gold":36,"minecraft:bell":5,"minecraft:grindstone":1,"minecraft:mossy_stone_brick_stairs":1,"minecraft:oak_planks":38,"minecraft:fletching_table":21,"minecraft:mossy_stone_bricks":2,"minecraft:bamboo":277,"minecraft:powered_rail":6,"minecraft:stone_hoe":2,"minecraft:prismarine":1,"cataclysm:chorus_fence":11,"alexscaves:radrock_uranium_ore":18,"minecraft:poisonous_potato":2,"alexscaves:uranium":36,"minecraft:polished_blackstone_slab":7,"minecraft:sand":51,"minecraft:nether_brick_stairs":5,"minecraft:grass_block":1,"minecraft:diamond_block":1,"minecraft:shulker_box":36,"minecraft:mossy_cobblestone":26,"minecraft:spruce_fence_gate":2,"cataclysm:tidal_claws":1,"tombstone:familiar_stone":2,"minecraft:diamond":8,"minecraft:soul_lantern":1,"waystones:waystone":10,"minecraft:cracked_polished_blackstone_bricks":6,"minecraft:crossbow":4,"minecraft:bone_meal":62,"minecraft:emerald":11,"minecraft:oak_sapling":11,"minecraft:netherrack":1494,"minecraft:end_stone_bricks":15,"minecraft:fishing_rod":2,"minecraft:end_stone_brick_stairs":42,"minecraft:azure_bluet":3,"artifacts:night_vision_goggles":1,"minecraft:chest_minecart":4,"minecraft:wooden_pickaxe":1,"minecraft:gold_block":53,"minecraft:chain":1,"minecraft:oak_trapdoor":4,"minecraft:iron_axe":2,"minecraft:item_frame":1,"minecraft:blackstone":161,"minecraft:detector_rail":3,"minecraft:oak_boat":10,"minecraft:lectern":9,"minecraft:sugar_cane":79,"minecraft:spruce_trapdoor":8,"minecraft:raw_iron":144,"minecraft:end_stone":870,"minecraft:polished_blackstone_bricks":28,"minecraft:cookie":253,"minecraft:dark_oak_planks":5,"minecraft:arrow":71,"minecraft:pumpkin_pie":49,"minecraft:nether_bricks":154,"alexscaves:spelunkery_table":2,"minecraft:saddle":4,"minecraft:wet_sponge":2,"minecraft:basalt":11,"minecraft:glow_ink_sac":3,"minecraft:leather":5,"minecraft:chainmail_chestplate":5,"minecraft:yellow_bed":15,"minecraft:gunpowder":19,"artifacts:cloud_in_a_bottle":1,"cataclysm:infernal_forge":3,"cataclysm:void_core":6,"minecraft:iron_ingot":36,"alexscaves:radrock":111,"minecraft:stripped_oak_wood":2,"minecraft:soul_sand":57,"minecraft:book":24,"minecraft:oak_slab":1,"minecraft:warped_fungus":1,"minecraft:emerald_block":1,"minecraft:pumpkin":32,"minecraft:quartz":39,"minecraft:dandelion":8,"minecraft:dripstone_block":7,"minecraft:amethyst_shard":34,"minecraft:blast_furnace":7,"minecraft:white_bed":16,"minecraft:nether_brick_slab":3,"minecraft:gold_ore":1,"minecraft:spider_eye":7,"minecraft:pumpkin_seeds":5,"minecraft:chainmail_leggings":1,"tombstone:magic_scroll":3,"minecraft:coal":93},"minecraft:mined":{"minecraft:dark_oak_planks":5,"minecraft:dragon_wall_head":1,"minecraft:white_bed":16,"minecraft:jungle_leaves":1,"cataclysm:stone_tiles":8,"minecraft:carved_pumpkin":2,"minecraft:obsidian":45,"minecraft:granite":5,"minecraft:purpur_slab":1,"minecraft:hopper":5,"minecraft:nether_wart":34,"minecraft:spawner":22,"minecraft:polished_blackstone_bricks":34,"minecraft:tall_seagrass":4,"minecraft:magma_block":35,"minecraft:cobbled_deepslate":3,"minecraft:fire":16,"minecraft:barrel":3,"minecraft:pumpkin":19,"minecraft:fletching_table":19,"minecraft:deepslate_lapis_ore":5,"minecraft:nether_brick_stairs":5,"cataclysm:end_stone_teleport_trap_bricks":1,"minecraft:water_cauldron":8,"minecraft:dirt_path":98,"minecraft:oak_stairs":52,"minecraft:iron_block":2,"minecraft:kelp_plant":17,"minecraft:soul_fire":3,"minecraft:amethyst_cluster":9,"minecraft:powder_snow":7,"minecraft:torch":18,"minecraft:blast_furnace":7,"minecraft:glass":2,"minecraft:sugar_cane":54,"minecraft:amethyst_block":6,"minecraft:wheat":323,"minecraft:black_bed":4,"minecraft:stone_brick_stairs":2,"minecraft:grass":400,"minecraft:smooth_basalt":2,"minecraft:deepslate":49,"minecraft:infested_deepslate":4,"alexscaves:acidic_radrock":10,"minecraft:mossy_cobblestone":27,"alexscaves:radrock":116,"minecraft:dark_oak_log":1,"minecraft:shulker_box":36,"minecraft:end_stone":878,"minecraft:nether_bricks":103,"cataclysm:stone_tile_stairs":1,"minecraft:spruce_fence":3,"minecraft:kelp":4,"minecraft:redstone_ore":4,"minecraft:andesite":12,"minecraft:diamond_block":1,"minecraft:mossy_stone_brick_stairs":1,"minecraft:potatoes":164,"minecraft:rail":259,"cataclysm:chorus_fence":6,"minecraft:bamboo_sapling":2,"minecraft:bamboo":29,"minecraft:bone_block":17,"minecraft:white_wool":14,"minecraft:smithing_table":4,"minecraft:oak_slab":1,"minecraft:glass_pane":3,"minecraft:soul_sand":57,"minecraft:polished_blackstone_brick_wall":10,"minecraft:dandelion":9,"minecraft:emerald_ore":4,"minecraft:dropper":2,"minecraft:warped_roots":1,"minecraft:purpur_pillar":6,"minecraft:tall_grass":39,"minecraft:copper_ore":8,"minecraft:deepslate_gold_ore":28,"minecraft:diorite":9,"minecraft:white_carpet":1,"minecraft:spruce_log":4410,"minecraft:gravel":126,"minecraft:dripstone_block":8,"minecraft:cobweb":13,"minecraft:spruce_fence_gate":2,"minecraft:polished_blackstone":14,"minecraft:stone_bricks":16,"minecraft:gold_ore":3,"minecraft:infested_stone":3,"minecraft:large_amethyst_bud":6,"minecraft:spruce_planks":40,"minecraft:farmland":27,"minecraft:brewing_stand":9,"minecraft:spruce_trapdoor":9,"minecraft:cave_vines_plant":1,"cataclysm:stone_pillar":5,"minecraft:budding_amethyst":1,"minecraft:grass_block":499,"minecraft:cracked_polished_blackstone_bricks":9,"alexscaves:sulfur":11,"minecraft:polished_blackstone_brick_slab":23,"cataclysm:chiseled_purpur_block":1,"minecraft:composter":11,"minecraft:gilded_blackstone":94,"minecraft:iron_ore":83,"minecraft:azure_bluet":3,"minecraft:brown_bed":2,"minecraft:pointed_dripstone":3,"alexscaves:underweed":1,"minecraft:iron_bars":20,"cataclysm:void_stone":3,"minecraft:end_stone_bricks":15,"minecraft:spruce_slab":83,"minecraft:deepslate_redstone_ore":8,"cataclysm:void_infused_end_stone_bricks":5,"minecraft:blackstone":228,"minecraft:purpur_stairs":1,"minecraft:calcite":2,"minecraft:poppy":2,"minecraft:chest":7,"minecraft:nether_quartz_ore":18,"minecraft:cobblestone":206,"minecraft:grindstone":1,"minecraft:prismarine":1,"minecraft:oak_planks":37,"minecraft:iron_door":1,"minecraft:wall_torch":10,"cataclysm:polished_end_stone":1,"minecraft:seagrass":3,"minecraft:warped_nylium":4,"minecraft:powered_rail":4,"minecraft:stripped_oak_wood":2,"minecraft:tnt":3,"minecraft:purpur_block":21,"minecraft:yellow_stained_glass_pane":1,"minecraft:oak_log":53,"minecraft:beetroots":1,"minecraft:sand":46,"minecraft:dirt":474,"minecraft:dispenser":2,"minecraft:netherrack":3504,"minecraft:ancient_debris":19,"minecraft:oak_leaves":45,"minecraft:emerald_block":1,"minecraft:nether_gold_ore":7,"alexscaves:spelunkery_table":2,"minecraft:crying_obsidian":7,"minecraft:tuff":7,"minecraft:potted_wither_rose":1,"minecraft:deepslate_diamond_ore":5,"minecraft:oak_door":1,"enchantinginfuser:enchanting_infuser":1,"alexscaves:sulfur_cluster":1,"cataclysm:chiseled_stone_brick_pillar":1,"minecraft:spruce_leaves":262,"minecraft:hay_block":25,"alexscaves:radrock_uranium_ore":37,"minecraft:oak_trapdoor":4,"minecraft:spruce_sapling":35,"minecraft:furnace":2,"minecraft:carrots":1,"minecraft:gold_block":53,"minecraft:bell":4,"minecraft:nether_brick_fence":2,"minecraft:bookshelf":5,"minecraft:deepslate_iron_ore":34,"minecraft:lantern":5,"minecraft:stripped_oak_log":26,"minecraft:stone":500,"minecraft:podzol":400,"minecraft:magenta_stained_glass":1,"minecraft:basalt":11,"minecraft:oak_fence":16,"minecraft:crafting_table":5,"minecraft:blackstone_slab":1,"minecraft:lectern":9,"minecraft:lapis_ore":4,"minecraft:polished_blackstone_brick_stairs":18,"minecraft:spruce_stairs":2,"minecraft:end_stone_brick_stairs":1,"minecraft:polished_blackstone_stairs":1,"minecraft:gray_bed":2,"minecraft:yellow_bed":15,"minecraft:coal_ore":42,"minecraft:end_rod":1,"minecraft:cracked_stone_bricks":3,"minecraft:polished_andesite":1,"minecraft:mossy_stone_bricks":2}},"DataVersion":3465}