{"stats":{"minecraft:crafted":{"minecraft:oak_planks":200,"minecraft:stone_shovel":2,"minecraft:furnace":3,"minecraft:bone_meal":6,"minecraft:iron_boots":6,"minecraft:iron_axe":3,"minecraft:stone_pickaxe":10,"minecraft:chest":4,"minecraft:stone_hoe":1,"minecraft:wheat":198,"minecraft:emerald":108,"minecraft:diamond_axe":1,"minecraft:crafting_table":3,"minecraft:spruce_planks":1588,"minecraft:iron_helmet":1,"minecraft:smithing_table":1,"minecraft:fletching_table":1,"minecraft:bucket":1,"minecraft:stone_axe":14,"minecraft:bread":66,"minecraft:air":0,"minecraft:iron_chestplate":1,"minecraft:shield":1,"minecraft:stick":3512,"minecraft:iron_ingot":65,"minecraft:iron_pickaxe":2,"minecraft:iron_block":3,"minecraft:iron_shovel":8,"minecraft:iron_leggings":1,"minecraft:gold_ingot":12,"minecraft:anvil":1,"minecraft:torch":20},"minecraft:mined":{"minecraft:infested_deepslate":4,"alexscaves:spelunkery_table":1,"minecraft:spruce_planks":3,"minecraft:white_bed":9,"minecraft:farmland":25,"minecraft:mossy_cobblestone":26,"minecraft:deepslate_diamond_ore":1,"minecraft:oak_door":1,"minecraft:brewing_stand":1,"minecraft:granite":1,"minecraft:grass_block":185,"minecraft:spruce_leaves":38,"minecraft:composter":1,"minecraft:spawner":1,"minecraft:hay_block":24,"minecraft:carrots":1,"minecraft:spruce_sapling":2,"minecraft:furnace":2,"minecraft:iron_ore":43,"minecraft:cobbled_deepslate":3,"minecraft:barrel":1,"minecraft:andesite":5,"minecraft:fletching_table":2,"minecraft:deepslate_lapis_ore":5,"minecraft:azure_bluet":2,"minecraft:gold_block":2,"minecraft:bookshelf":1,"minecraft:pointed_dripstone":2,"minecraft:deepslate_iron_ore":25,"minecraft:water_cauldron":4,"minecraft:dirt_path":62,"minecraft:rail":86,"minecraft:oak_stairs":52,"minecraft:stripped_oak_log":17,"minecraft:stone":84,"minecraft:white_wool":3,"minecraft:deepslate_redstone_ore":4,"minecraft:glass_pane":3,"minecraft:powder_snow":7,"minecraft:oak_fence":8,"minecraft:crafting_table":4,"minecraft:torch":2,"minecraft:blast_furnace":3,"minecraft:chest":1,"minecraft:tall_grass":6,"minecraft:cobblestone":97,"minecraft:deepslate_gold_ore":11,"minecraft:oak_planks":36,"minecraft:diorite":3,"minecraft:powered_rail":4,"minecraft:wheat":1,"minecraft:spruce_log":400,"minecraft:yellow_bed":4,"minecraft:grass":28,"minecraft:oak_log":33,"minecraft:coal_ore":40,"minecraft:beetroots":1,"minecraft:dripstone_block":8,"minecraft:gravel":14,"minecraft:sand":17,"minecraft:dirt":144,"minecraft:stone_bricks":1,"minecraft:netherrack":2,"minecraft:gold_ore":1,"minecraft:oak_leaves":5,"minecraft:deepslate":32,"minecraft:infested_stone":3},"minecraft:broken":{"minecraft:iron_axe":1,"minecraft:stone_axe":1,"minecraft:iron_pickaxe":1},"minecraft:dropped":{"minecraft:bread":32,"minecraft:stick":260,"minecraft:emerald":3,"minecraft:oak_stairs":3,"minecraft:iron_pickaxe":1,"minecraft:iron_shovel":4,"minecraft:stone_axe":24,"minecraft:stone_shovel":1,"minecraft:beetroot":4,"minecraft:iron_boots":5,"minecraft:carrot":32,"minecraft:potato":4,"minecraft:stone_pickaxe":18},"minecraft:picked_up":{"minecraft:crafting_table":4,"minecraft:wheat":6,"minecraft:azure_bluet":2,"minecraft:lead":2,"minecraft:wooden_pickaxe":1,"alexscaves:cave_tablet":8,"minecraft:oak_stairs":52,"minecraft:gold_block":2,"minecraft:brewing_stand":1,"minecraft:string":5,"minecraft:iron_shovel":3,"minecraft:beetroot":4,"minecraft:cobbled_deepslate":35,"minecraft:spruce_planks":6,"minecraft:poppy":2,"minecraft:chest":1,"minecraft:iron_boots":1,"minecraft:furnace":2,"minecraft:golden_helmet":1,"minecraft:stick":60,"minecraft:raw_iron":77,"minecraft:oak_door":1,"minecraft:composter":1,"minecraft:oak_fence":8,"minecraft:torch":9,"minecraft:pointed_dripstone":5,"minecraft:diorite":3,"minecraft:carrot":33,"minecraft:redstone":18,"minecraft:cauldron":4,"minecraft:rotten_flesh":1,"minecraft:arrow":2,"minecraft:beetroot_seeds":13,"minecraft:hay_block":22,"alexscaves:spelunkery_table":1,"minecraft:mutton":4,"minecraft:cobblestone":185,"minecraft:rail":88,"minecraft:white_wool":6,"minecraft:stripped_oak_log":17,"minecraft:glow_ink_sac":3,"minecraft:andesite":4,"minecraft:leather":1,"minecraft:potato":11,"alexscaves:cave_book":1,"minecraft:flint":2,"minecraft:oak_log":33,"minecraft:yellow_bed":4,"minecraft:paper":15,"minecraft:dirt":405,"minecraft:lapis_lazuli":32,"minecraft:bone":3,"minecraft:stone_bricks":1,"minecraft:bow":5,"minecraft:wheat_seeds":30,"minecraft:raw_gold":12,"minecraft:bell":1,"minecraft:stone_pickaxe":9,"minecraft:iron_ingot":11,"minecraft:fletching_table":2,"minecraft:powered_rail":4,"minecraft:oak_planks":36,"minecraft:book":6,"minecraft:dripstone_block":7,"minecraft:gravel":16,"minecraft:sand":18,"minecraft:spruce_sapling":44,"minecraft:blast_furnace":3,"minecraft:white_bed":9,"minecraft:spruce_log":398,"minecraft:barrel":1,"minecraft:spider_eye":2,"minecraft:mossy_cobblestone":25,"minecraft:diamond":2,"minecraft:stone_axe":12,"minecraft:granite":1,"minecraft:netherrack":2,"minecraft:coal":48,"minecraft:ender_pearl":1},"minecraft:custom":{"minecraft:interact_with_anvil":3,"minecraft:mob_kills":24,"minecraft:interact_with_crafting_table":40,"minecraft:open_barrel":1,"minecraft:bell_ring":6,"minecraft:leave_game":5,"minecraft:time_since_death":18608,"minecraft:sprint_one_cm":310423,"minecraft:walk_one_cm":346885,"minecraft:damage_blocked_by_shield":790,"minecraft:drop":67,"minecraft:talked_to_villager":37,"minecraft:play_time":137078,"minecraft:sneak_time":3995,"minecraft:deaths":3,"minecraft:walk_under_water_one_cm":17723,"minecraft:jump":2859,"minecraft:interact_with_blast_furnace":15,"minecraft:walk_on_water_one_cm":33431,"minecraft:total_world_time":137078,"minecraft:interact_with_furnace":7,"minecraft:traded_with_villager":145,"minecraft:sleep_in_bed":5,"minecraft:time_since_rest":1501,"minecraft:damage_taken":2548,"minecraft:damage_dealt":4835,"minecraft:swim_one_cm":41316,"minecraft:fly_one_cm":470561,"minecraft:open_chest":77,"minecraft:crouch_one_cm":7093,"tombstone:undead_killed":6,"tombstone:villager_killed":1,"minecraft:fall_one_cm":85067},"minecraft:killed":{"minecraft:cave_spider":4,"minecraft:skeleton":2,"minecraft:silverfish":4,"minecraft:iron_golem":1,"minecraft:sheep":3,"minecraft:trader_llama":2,"minecraft:zombie":4,"minecraft:villager":1,"minecraft:enderman":2},"minecraft:used":{"minecraft:iron_shovel":356,"minecraft:stone_shovel":64,"minecraft:chest":5,"minecraft:spruce_planks":3,"minecraft:shield":19,"minecraft:bell":1,"minecraft:stone_hoe":26,"minecraft:netherrack":2,"minecraft:torch":29,"minecraft:brewing_stand":1,"minecraft:dirt":255,"minecraft:anvil":1,"minecraft:granite":1,"minecraft:iron_axe":445,"minecraft:barrel":1,"minecraft:furnace":3,"tombstone:gift":2,"minecraft:cobbled_deepslate":35,"minecraft:water_bucket":9,"minecraft:stone_pickaxe":8,"minecraft:oak_planks":14,"minecraft:wooden_pickaxe":5,"minecraft:fletching_table":3,"minecraft:white_wool":3,"minecraft:mossy_cobblestone":1,"minecraft:sand":3,"minecraft:crafting_table":7,"minecraft:blast_furnace":3,"minecraft:white_bed":9,"minecraft:dripstone_block":7,"minecraft:spruce_log":1,"minecraft:bread":34,"minecraft:iron_pickaxe":497,"minecraft:spruce_sapling":38,"minecraft:gravel":15,"minecraft:stone_axe":158,"minecraft:cobblestone":108,"minecraft:smithing_table":1,"minecraft:andesite":3,"minecraft:bucket":10,"minecraft:yellow_bed":4,"minecraft:bone_meal":6}},"DataVersion":3465}