{"stats":{"minecraft:mined":{"minecraft:grass":7,"minecraft:dirt":3,"minecraft:tall_grass":5,"minecraft:stone":5,"minecraft:spruce_leaves":34,"minecraft:spruce_log":10,"minecraft:powder_snow":7,"minecraft:azure_bluet":2},"minecraft:used":{"minecraft:dirt":3,"minecraft:crafting_table":1,"tombstone:gift":2,"minecraft:wooden_pickaxe":5,"minecraft:spruce_log":1},"minecraft:picked_up":{"minecraft:stick":2,"minecraft:azure_bluet":2,"minecraft:wheat_seeds":1,"minecraft:wooden_pickaxe":1,"minecraft:spruce_sapling":4,"minecraft:spruce_log":10,"minecraft:mutton":4,"minecraft:dirt":3,"minecraft:white_wool":3,"minecraft:cobblestone":5},"minecraft:killed":{"minecraft:sheep":3},"minecraft:custom":{"minecraft:time_since_rest":3853,"minecraft:crouch_one_cm":159,"minecraft:deaths":1,"minecraft:play_time":14783,"minecraft:sprint_one_cm":29962,"minecraft:damage_taken":630,"minecraft:walk_one_cm":11873,"minecraft:sneak_time":50,"minecraft:walk_under_water_one_cm":487,"minecraft:mob_kills":3,"minecraft:jump":300,"minecraft:leave_game":1,"minecraft:damage_dealt":290,"minecraft:walk_on_water_one_cm":2488,"minecraft:time_since_death":5346,"minecraft:total_world_time":14783,"minecraft:interact_with_crafting_table":1,"minecraft:swim_one_cm":3223,"minecraft:fall_one_cm":12065,"minecraft:fly_one_cm":67132},"minecraft:crafted":{"minecraft:crafting_table":1,"minecraft:spruce_planks":36,"minecraft:stone_pickaxe":1}},"DataVersion":3465}