{"stats":{"minecraft:broken":{"minecraft:stone_axe":1,"minecraft:iron_axe":2,"minecraft:iron_pickaxe":2},"minecraft:dropped":{"minecraft:large_amethyst_bud":1,"minecraft:cookie":252,"minecraft:lantern":12,"minecraft:mossy_stone_brick_stairs":1,"minecraft:cracked_stone_bricks":2,"minecraft:emerald":3,"minecraft:dirt":17,"minecraft:pumpkin_pie":49,"minecraft:sand":3,"minecraft:iron_pickaxe":1,"minecraft:stone_axe":72,"alexscaves:radrock":74,"minecraft:beetroot":4,"minecraft:rotten_flesh":5,"minecraft:carrot":33,"minecraft:chainmail_chestplate":2,"minecraft:poppy":1,"minecraft:melon_seeds":3,"minecraft:chainmail_boots":50,"minecraft:arrow":7,"minecraft:bread":50,"minecraft:wheat_seeds":440,"minecraft:mossy_cobblestone":1,"minecraft:cobblestone":33,"minecraft:amethyst_block":2,"minecraft:stick":305,"minecraft:torch":8,"minecraft:oak_stairs":3,"minecraft:iron_shovel":15,"minecraft:spruce_sapling":7,"minecraft:bowl":5,"minecraft:stone_shovel":1,"minecraft:iron_boots":44,"minecraft:stripped_oak_log":2,"minecraft:suspicious_stew":4,"minecraft:potato":4,"minecraft:cake":2,"minecraft:oak_sapling":10,"minecraft:stone_bricks":2,"minecraft:spider_eye":3,"minecraft:bamboo":57,"minecraft:spruce_log":65,"minecraft:stone_pickaxe":67},"minecraft:crafted":{"minecraft:grindstone":1,"minecraft:oak_planks":276,"minecraft:oak_sign":3,"minecraft:bookshelf":22,"minecraft:suspicious_stew":5,"minecraft:cooked_mutton":16,"minecraft:cake":2,"minecraft:diamond_helmet":1,"minecraft:diamond_leggings":3,"minecraft:iron_boots":30,"minecraft:chest":9,"minecraft:stone_hoe":1,"minecraft:emerald":873,"enchantinginfuser:enchanting_infuser":1,"minecraft:diamond_axe":4,"minecraft:crafting_table":3,"minecraft:spruce_planks":12836,"minecraft:iron_helmet":1,"minecraft:smithing_table":1,"minecraft:fletching_table":3,"minecraft:spruce_trapdoor":4,"minecraft:lectern":1,"minecraft:book":5,"minecraft:iron_chestplate":1,"minecraft:diamond_pickaxe":3,"minecraft:shield":1,"minecraft:stone_slab":6,"minecraft:stick":25552,"minecraft:iron_pickaxe":2,"minecraft:iron_ingot":79,"minecraft:iron_block":3,"minecraft:gold_ingot":52,"minecraft:golden_carrot":213,"minecraft:cookie":42,"alexscaves:uranium":18,"minecraft:stone_shovel":2,"minecraft:furnace":3,"minecraft:bone_meal":24,"alexscaves:cave_map":1,"minecraft:flint_and_steel":1,"minecraft:lantern":12,"minecraft:iron_axe":3,"minecraft:spruce_slab":390,"minecraft:stone_pickaxe":34,"minecraft:diamond_boots":3,"sophisticatedbackpacks:iron_backpack":1,"minecraft:wheat":207,"minecraft:cooked_beef":6,"minecraft:diamond_sword":1,"minecraft:enchanting_table":1,"sophisticatedbackpacks:gold_backpack":1,"minecraft:bucket":1,"minecraft:stone_axe":38,"minecraft:bread":86,"minecraft:air":0,"minecraft:oak_boat":1,"minecraft:chainmail_boots":30,"tombstone:dark_marble":1,"minecraft:iron_shovel":13,"minecraft:iron_leggings":1,"minecraft:anvil":1,"minecraft:pumpkin_pie":48,"minecraft:torch":48,"minecraft:diamond_chestplate":2},"minecraft:used":{"minecraft:iron_shovel":577,"minecraft:spruce_slab":276,"minecraft:poppy":2,"minecraft:oak_sign":1,"minecraft:chest":10,"minecraft:shield":43,"minecraft:stone":3,"minecraft:bell":2,"minecraft:obsidian":11,"minecraft:lantern":16,"minecraft:bow":4,"minecraft:magma_block":3,"minecraft:furnace":3,"minecraft:potato":58,"minecraft:emerald_ore":1,"minecraft:diamond_boots":2,"minecraft:stone_pickaxe":10,"minecraft:oak_planks":14,"minecraft:wooden_pickaxe":5,"minecraft:composter":7,"minecraft:diamond_axe":2168,"minecraft:cookie":1,"minecraft:white_wool":3,"minecraft:sand":3,"alexscaves:cave_book":2,"minecraft:blast_furnace":4,"minecraft:deepslate_redstone_ore":2,"minecraft:black_bed":2,"minecraft:dripstone_block":7,"minecraft:bread":42,"minecraft:lectern":4,"minecraft:gravel":27,"minecraft:diamond_sword":149,"minecraft:stripped_oak_wood":1,"minecraft:grindstone":1,"minecraft:smithing_table":2,"minecraft:andesite":3,"minecraft:oak_boat":1,"minecraft:bone_meal":24,"minecraft:golden_pickaxe":7,"minecraft:oak_fence":1,"minecraft:flint_and_steel":8,"minecraft:redstone_ore":2,"minecraft:stone_shovel":64,"minecraft:spruce_planks":3,"minecraft:deepslate_gold_ore":8,"minecraft:stone_hoe":119,"minecraft:netherrack":67,"minecraft:torch":73,"minecraft:brewing_stand":2,"minecraft:dirt":715,"minecraft:anvil":1,"minecraft:chainmail_chestplate":2,"minecraft:granite":1,"minecraft:bookshelf":21,"minecraft:iron_axe":1322,"minecraft:diamond_chestplate":2,"minecraft:barrel":1,"alexscaves:spelunkery_table":1,"minecraft:bamboo":28,"minecraft:smooth_basalt":2,"minecraft:golden_carrot":12,"tombstone:gift":6,"minecraft:cooked_beef":11,"minecraft:cobbled_deepslate":35,"minecraft:brown_bed":1,"minecraft:wheat_seeds":324,"minecraft:cooked_mutton":16,"minecraft:water_bucket":39,"minecraft:amethyst_block":2,"minecraft:fletching_table":6,"minecraft:gold_ore":1,"minecraft:mossy_cobblestone":1,"minecraft:crafting_table":7,"minecraft:white_bed":12,"minecraft:cake":2,"minecraft:spruce_log":24,"minecraft:oak_log":1,"minecraft:amethyst_cluster":2,"minecraft:diamond_pickaxe":676,"minecraft:suspicious_stew":5,"minecraft:iron_pickaxe":500,"minecraft:lapis_ore":2,"minecraft:spruce_trapdoor":4,"minecraft:spruce_sapling":240,"minecraft:stone_axe":158,"enchantinginfuser:enchanting_infuser":1,"minecraft:cobblestone":119,"minecraft:bucket":40,"minecraft:yellow_bed":7,"alexscaves:radrock":22,"minecraft:dandelion":1},"minecraft:custom":{"minecraft:animals_bred":1,"minecraft:interact_with_crafting_table":80,"minecraft:open_barrel":2,"minecraft:bell_ring":7,"minecraft:leave_game":10,"minecraft:time_since_death":369705,"minecraft:sprint_one_cm":1002140,"minecraft:damage_blocked_by_shield":1966,"minecraft:drop":351,"minecraft:talked_to_villager":279,"minecraft:play_time":488175,"minecraft:deaths":3,"minecraft:jump":8394,"minecraft:walk_on_water_one_cm":60526,"minecraft:enchant_item":10,"minecraft:interact_with_furnace":23,"minecraft:traded_with_villager":1159,"minecraft:interact_with_loom":2,"minecraft:sleep_in_bed":19,"minecraft:damage_dealt":15058,"minecraft:crouch_one_cm":25627,"tombstone:undead_killed":18,"tombstone:villager_killed":1,"minecraft:mob_kills":69,"minecraft:interact_with_anvil":13,"minecraft:climb_one_cm":4768,"minecraft:walk_one_cm":1160084,"minecraft:damage_dealt_absorbed":40,"minecraft:raid_win":1,"minecraft:sneak_time":13699,"minecraft:walk_under_water_one_cm":33168,"minecraft:interact_with_blast_furnace":45,"minecraft:total_world_time":488175,"tombstone:raider_killed":16,"minecraft:raid_trigger":1,"minecraft:interact_with_grindstone":10,"minecraft:time_since_rest":19572,"minecraft:damage_taken":4335,"minecraft:swim_one_cm":102282,"minecraft:fly_one_cm":1533220,"minecraft:open_chest":353,"minecraft:fall_one_cm":221152},"minecraft:killed":{"minecraft:cave_spider":8,"minecraft:spider":3,"minecraft:skeleton":8,"minecraft:silverfish":4,"minecraft:iron_golem":3,"minecraft:creeper":2,"minecraft:sheep":4,"minecraft:trader_llama":2,"minecraft:pillager":13,"minecraft:zombie":10,"minecraft:cow":2,"minecraft:vindicator":2,"minecraft:ravager":1,"minecraft:villager":1,"minecraft:enderman":4},"minecraft:picked_up":{"minecraft:wheat":155,"minecraft:chainmail_boots":21,"minecraft:suspicious_stew":4,"minecraft:smithing_table":1,"minecraft:lead":2,"alexscaves:cave_tablet":11,"minecraft:oak_stairs":52,"minecraft:brown_bed":1,"minecraft:brewing_stand":2,"minecraft:amethyst_block":4,"minecraft:string":22,"minecraft:beetroot":4,"minecraft:activator_rail":4,"minecraft:cobbled_deepslate":35,"minecraft:spruce_planks":60,"minecraft:calcite":2,"minecraft:iron_pickaxe":1,"minecraft:iron_boots":16,"minecraft:deepslate_iron_ore":7,"minecraft:furnace":2,"minecraft:tipped_arrow":1,"minecraft:golden_helmet":1,"minecraft:stick":252,"minecraft:composter":7,"minecraft:oak_fence":9,"minecraft:torch":46,"tombstone:grave_dust":2,"minecraft:pointed_dripstone":5,"minecraft:diorite":3,"minecraft:cauldron":4,"minecraft:rotten_flesh":12,"minecraft:obsidian":16,"minecraft:cobblestone":325,"minecraft:magma_block":3,"minecraft:cooked_beef":6,"minecraft:andesite":6,"minecraft:black_bed":2,"minecraft:potato":51,"minecraft:flint":7,"alexscaves:cave_book":2,"minecraft:tuff":1,"minecraft:lapis_lazuli":64,"minecraft:dirt":677,"minecraft:lantern":14,"minecraft:bone":13,"minecraft:large_amethyst_bud":1,"minecraft:bow":5,"minecraft:wheat_seeds":810,"minecraft:raw_gold":34,"minecraft:bell":2,"minecraft:bamboo":277,"minecraft:fletching_table":4,"minecraft:powered_rail":6,"minecraft:mossy_stone_brick_stairs":1,"minecraft:stone_hoe":1,"minecraft:oak_planks":37,"alexscaves:radrock_uranium_ore":18,"minecraft:sand":32,"minecraft:barrel":2,"minecraft:mossy_cobblestone":26,"minecraft:deepslate":5,"tombstone:familiar_stone":1,"minecraft:diamond":4,"minecraft:deepslate_gold_ore":8,"minecraft:crossbow":2,"minecraft:granite":2,"minecraft:emerald":6,"minecraft:bread":3,"minecraft:oak_sapling":11,"minecraft:netherrack":67,"minecraft:crafting_table":4,"minecraft:azure_bluet":2,"minecraft:chest_minecart":1,"minecraft:wooden_pickaxe":1,"minecraft:gold_block":2,"minecraft:iron_axe":1,"minecraft:iron_shovel":8,"minecraft:cracked_stone_bricks":2,"minecraft:poppy":6,"minecraft:spruce_slab":38,"minecraft:lectern":3,"minecraft:chest":1,"minecraft:raw_iron":77,"minecraft:stone":30,"minecraft:oak_door":1,"minecraft:amethyst_cluster":2,"sophisticatedbackpacks:backpack":1,"minecraft:cake":2,"minecraft:cookie":109,"minecraft:carrot":34,"minecraft:redstone":40,"minecraft:tnt":3,"minecraft:arrow":24,"minecraft:stone_shovel":1,"minecraft:beetroot_seeds":13,"minecraft:pumpkin_pie":3,"minecraft:hay_block":23,"alexscaves:spelunkery_table":2,"minecraft:saddle":1,"minecraft:mutton":4,"minecraft:glow_berries":1,"minecraft:white_wool":6,"minecraft:rail":89,"minecraft:emerald_ore":1,"minecraft:lapis_ore":2,"minecraft:stripped_oak_log":21,"minecraft:glow_ink_sac":3,"minecraft:leather":5,"minecraft:oak_log":50,"minecraft:chainmail_chestplate":4,"minecraft:yellow_bed":7,"minecraft:gunpowder":2,"minecraft:paper":41,"minecraft:white_banner":3,"minecraft:stone_bricks":3,"alexscaves:radrock":96,"minecraft:iron_ingot":20,"minecraft:stone_pickaxe":35,"minecraft:iron_ore":5,"minecraft:stripped_oak_wood":2,"minecraft:gray_bed":1,"minecraft:book":20,"minecraft:smooth_basalt":2,"minecraft:dandelion":1,"minecraft:dripstone_block":7,"minecraft:gravel":27,"minecraft:amethyst_shard":8,"minecraft:spruce_sapling":324,"minecraft:blast_furnace":4,"minecraft:white_bed":12,"minecraft:spruce_log":3298,"minecraft:gold_ore":1,"minecraft:crying_obsidian":3,"minecraft:spider_eye":7,"minecraft:stone_axe":36,"minecraft:chainmail_leggings":1,"minecraft:deepslate_redstone_ore":2,"minecraft:redstone_ore":2,"minecraft:melon_seeds":6,"minecraft:coal":51,"minecraft:ender_pearl":1},"minecraft:mined":{"minecraft:large_amethyst_bud":1,"minecraft:spruce_planks":3,"minecraft:white_bed":12,"minecraft:farmland":27,"minecraft:jungle_leaves":1,"minecraft:brewing_stand":2,"minecraft:obsidian":16,"minecraft:granite":2,"minecraft:budding_amethyst":1,"minecraft:grass_block":299,"minecraft:composter":7,"minecraft:spawner":3,"minecraft:magma_block":4,"minecraft:cobbled_deepslate":3,"minecraft:iron_ore":55,"minecraft:fire":9,"minecraft:barrel":2,"minecraft:fletching_table":4,"minecraft:deepslate_lapis_ore":5,"minecraft:azure_bluet":2,"minecraft:brown_bed":1,"minecraft:pointed_dripstone":2,"minecraft:water_cauldron":4,"minecraft:dirt_path":73,"minecraft:oak_stairs":52,"alexscaves:underweed":1,"minecraft:spruce_slab":32,"minecraft:deepslate_redstone_ore":8,"minecraft:amethyst_cluster":4,"minecraft:powder_snow":7,"minecraft:torch":17,"minecraft:blast_furnace":4,"minecraft:calcite":2,"minecraft:chest":1,"minecraft:cobblestone":115,"minecraft:oak_planks":37,"minecraft:wall_torch":5,"minecraft:amethyst_block":4,"minecraft:powered_rail":4,"minecraft:wheat":323,"minecraft:stripped_oak_wood":2,"minecraft:tnt":3,"minecraft:black_bed":2,"minecraft:grass":135,"minecraft:oak_log":49,"minecraft:beetroots":1,"minecraft:sand":31,"minecraft:dirt":266,"minecraft:smooth_basalt":2,"minecraft:netherrack":107,"minecraft:oak_leaves":34,"minecraft:deepslate":37,"minecraft:infested_deepslate":4,"alexscaves:spelunkery_table":2,"minecraft:crying_obsidian":3,"minecraft:tuff":1,"minecraft:mossy_cobblestone":27,"minecraft:deepslate_diamond_ore":1,"minecraft:oak_door":1,"alexscaves:radrock":100,"minecraft:spruce_leaves":164,"minecraft:hay_block":25,"alexscaves:radrock_uranium_ore":18,"minecraft:redstone_ore":4,"minecraft:spruce_sapling":28,"minecraft:furnace":2,"minecraft:carrots":1,"minecraft:andesite":7,"minecraft:mossy_stone_brick_stairs":1,"minecraft:gold_block":2,"minecraft:bell":1,"minecraft:bookshelf":5,"minecraft:potatoes":7,"minecraft:deepslate_iron_ore":32,"minecraft:rail":86,"minecraft:lantern":2,"minecraft:stripped_oak_log":19,"minecraft:bamboo_sapling":2,"minecraft:bamboo":29,"minecraft:stone":233,"minecraft:white_wool":3,"minecraft:smithing_table":1,"minecraft:glass_pane":3,"minecraft:dandelion":2,"minecraft:oak_fence":9,"minecraft:crafting_table":4,"minecraft:emerald_ore":2,"minecraft:lectern":3,"minecraft:tall_grass":15,"minecraft:lapis_ore":4,"minecraft:deepslate_gold_ore":27,"minecraft:diorite":3,"minecraft:gray_bed":1,"minecraft:spruce_log":3249,"minecraft:yellow_bed":7,"minecraft:coal_ore":40,"minecraft:gravel":30,"minecraft:dripstone_block":8,"minecraft:cobweb":10,"minecraft:cracked_stone_bricks":2,"minecraft:polished_andesite":1,"minecraft:stone_bricks":4,"minecraft:gold_ore":3,"minecraft:infested_stone":3}},"DataVersion":3465}