{"stats":{"minecraft:broken":{"minecraft:stone_axe":1,"minecraft:iron_axe":2,"minecraft:iron_pickaxe":2},"minecraft:dropped":{"minecraft:large_amethyst_bud":1,"minecraft:emerald":3,"minecraft:iron_pickaxe":1,"minecraft:stone_axe":48,"alexscaves:radrock":74,"minecraft:beetroot":4,"minecraft:carrot":32,"minecraft:melon_seeds":3,"minecraft:chainmail_boots":50,"minecraft:bread":32,"minecraft:wheat_seeds":3,"minecraft:cobblestone":2,"minecraft:amethyst_block":2,"minecraft:stick":300,"minecraft:oak_stairs":3,"minecraft:iron_shovel":15,"minecraft:spruce_sapling":1,"minecraft:stone_shovel":1,"minecraft:iron_boots":29,"minecraft:stripped_oak_log":2,"minecraft:potato":4,"minecraft:oak_sapling":10,"minecraft:spider_eye":3,"minecraft:spruce_log":65,"minecraft:stone_pickaxe":42},"minecraft:crafted":{"minecraft:grindstone":1,"minecraft:oak_planks":248,"minecraft:bookshelf":15,"minecraft:cooked_mutton":16,"minecraft:diamond_helmet":1,"minecraft:diamond_leggings":3,"minecraft:iron_boots":18,"minecraft:chest":9,"minecraft:stone_hoe":1,"minecraft:emerald":565,"enchantinginfuser:enchanting_infuser":1,"minecraft:diamond_axe":3,"minecraft:crafting_table":3,"minecraft:spruce_planks":9412,"minecraft:iron_helmet":1,"minecraft:smithing_table":1,"minecraft:fletching_table":1,"minecraft:lectern":1,"minecraft:book":5,"minecraft:iron_chestplate":1,"minecraft:diamond_pickaxe":2,"minecraft:shield":1,"minecraft:stone_slab":6,"minecraft:stick":17840,"minecraft:iron_pickaxe":2,"minecraft:iron_ingot":79,"minecraft:iron_block":3,"minecraft:gold_ingot":30,"alexscaves:uranium":18,"minecraft:stone_shovel":2,"minecraft:furnace":3,"minecraft:bone_meal":6,"minecraft:flint_and_steel":1,"minecraft:iron_axe":3,"minecraft:spruce_slab":6,"minecraft:stone_pickaxe":22,"minecraft:diamond_boots":3,"sophisticatedbackpacks:iron_backpack":1,"minecraft:wheat":207,"minecraft:cooked_beef":5,"minecraft:diamond_sword":1,"minecraft:enchanting_table":1,"sophisticatedbackpacks:gold_backpack":1,"minecraft:bucket":1,"minecraft:stone_axe":26,"minecraft:bread":68,"minecraft:air":0,"minecraft:chainmail_boots":30,"tombstone:dark_marble":1,"minecraft:iron_shovel":13,"minecraft:iron_leggings":1,"minecraft:anvil":1,"minecraft:torch":48,"minecraft:diamond_chestplate":2},"minecraft:used":{"minecraft:iron_shovel":568,"minecraft:chest":10,"minecraft:shield":39,"minecraft:stone":3,"minecraft:bell":1,"minecraft:obsidian":11,"minecraft:magma_block":3,"minecraft:furnace":3,"minecraft:stone_pickaxe":10,"minecraft:oak_planks":14,"minecraft:wooden_pickaxe":5,"minecraft:composter":6,"minecraft:diamond_axe":1297,"minecraft:white_wool":3,"minecraft:sand":3,"alexscaves:cave_book":2,"minecraft:blast_furnace":3,"minecraft:dripstone_block":7,"minecraft:bread":42,"minecraft:lectern":2,"minecraft:gravel":18,"minecraft:diamond_sword":67,"minecraft:grindstone":1,"minecraft:smithing_table":1,"minecraft:andesite":3,"minecraft:bone_meal":6,"minecraft:golden_pickaxe":7,"minecraft:oak_fence":1,"minecraft:flint_and_steel":8,"minecraft:stone_shovel":64,"minecraft:spruce_planks":3,"minecraft:stone_hoe":117,"minecraft:netherrack":67,"minecraft:torch":70,"minecraft:brewing_stand":1,"minecraft:dirt":709,"minecraft:anvil":1,"minecraft:granite":1,"minecraft:bookshelf":14,"minecraft:iron_axe":1322,"minecraft:barrel":1,"alexscaves:spelunkery_table":1,"minecraft:bamboo":28,"minecraft:smooth_basalt":2,"tombstone:gift":5,"minecraft:cooked_beef":10,"minecraft:cobbled_deepslate":35,"minecraft:wheat_seeds":169,"minecraft:cooked_mutton":16,"minecraft:water_bucket":25,"minecraft:amethyst_block":2,"minecraft:fletching_table":3,"minecraft:mossy_cobblestone":1,"minecraft:crafting_table":7,"minecraft:white_bed":9,"minecraft:spruce_log":12,"minecraft:oak_log":1,"minecraft:amethyst_cluster":2,"minecraft:diamond_pickaxe":351,"minecraft:iron_pickaxe":500,"minecraft:spruce_sapling":197,"minecraft:stone_axe":158,"enchantinginfuser:enchanting_infuser":1,"minecraft:cobblestone":118,"minecraft:bucket":26,"minecraft:yellow_bed":4,"alexscaves:radrock":22},"minecraft:custom":{"minecraft:animals_bred":1,"minecraft:interact_with_crafting_table":68,"minecraft:open_barrel":2,"minecraft:bell_ring":6,"minecraft:leave_game":9,"minecraft:time_since_death":250824,"minecraft:sprint_one_cm":733915,"minecraft:damage_blocked_by_shield":1755,"minecraft:drop":216,"minecraft:talked_to_villager":160,"minecraft:play_time":369294,"minecraft:deaths":3,"minecraft:jump":6496,"minecraft:walk_on_water_one_cm":51804,"minecraft:enchant_item":6,"minecraft:interact_with_furnace":18,"minecraft:traded_with_villager":696,"minecraft:interact_with_loom":1,"minecraft:sleep_in_bed":15,"minecraft:damage_dealt":8457,"minecraft:crouch_one_cm":18684,"tombstone:undead_killed":14,"tombstone:villager_killed":1,"minecraft:mob_kills":46,"minecraft:interact_with_anvil":10,"minecraft:climb_one_cm":2266,"minecraft:walk_one_cm":856382,"minecraft:damage_dealt_absorbed":40,"minecraft:sneak_time":10964,"minecraft:walk_under_water_one_cm":28650,"minecraft:interact_with_blast_furnace":37,"minecraft:total_world_time":369294,"minecraft:interact_with_grindstone":4,"minecraft:time_since_rest":8160,"minecraft:damage_taken":3739,"minecraft:swim_one_cm":84724,"minecraft:fly_one_cm":1154660,"minecraft:open_chest":232,"minecraft:fall_one_cm":174356},"minecraft:killed":{"minecraft:cave_spider":8,"minecraft:spider":3,"minecraft:skeleton":7,"minecraft:silverfish":4,"minecraft:iron_golem":1,"minecraft:creeper":2,"minecraft:sheep":3,"minecraft:trader_llama":2,"minecraft:zombie":7,"minecraft:cow":2,"minecraft:villager":1,"minecraft:enderman":4},"minecraft:picked_up":{"minecraft:wheat":46,"minecraft:chainmail_boots":20,"minecraft:lead":2,"alexscaves:cave_tablet":11,"minecraft:oak_stairs":52,"minecraft:brown_bed":1,"minecraft:brewing_stand":2,"minecraft:amethyst_block":4,"minecraft:string":22,"minecraft:beetroot":4,"minecraft:activator_rail":4,"minecraft:cobbled_deepslate":35,"minecraft:spruce_planks":60,"minecraft:calcite":2,"minecraft:iron_pickaxe":1,"minecraft:iron_boots":13,"minecraft:deepslate_iron_ore":7,"minecraft:furnace":2,"minecraft:golden_helmet":1,"minecraft:stick":231,"minecraft:composter":6,"minecraft:oak_fence":9,"minecraft:torch":28,"tombstone:grave_dust":2,"minecraft:pointed_dripstone":5,"minecraft:diorite":3,"minecraft:cauldron":4,"minecraft:rotten_flesh":6,"minecraft:obsidian":16,"minecraft:cobblestone":204,"minecraft:magma_block":3,"minecraft:cooked_beef":6,"minecraft:andesite":6,"minecraft:black_bed":2,"minecraft:potato":11,"minecraft:flint":3,"alexscaves:cave_book":2,"minecraft:tuff":1,"minecraft:lapis_lazuli":32,"minecraft:dirt":660,"minecraft:bone":10,"minecraft:large_amethyst_bud":1,"minecraft:bow":5,"minecraft:wheat_seeds":217,"minecraft:raw_gold":12,"minecraft:bell":1,"minecraft:bamboo":28,"minecraft:fletching_table":2,"minecraft:powered_rail":6,"minecraft:oak_planks":37,"alexscaves:radrock_uranium_ore":18,"minecraft:sand":19,"minecraft:barrel":2,"minecraft:mossy_cobblestone":25,"minecraft:deepslate":5,"tombstone:familiar_stone":1,"minecraft:diamond":4,"minecraft:deepslate_gold_ore":8,"minecraft:granite":2,"minecraft:bread":3,"minecraft:oak_sapling":11,"minecraft:netherrack":67,"minecraft:crafting_table":4,"minecraft:azure_bluet":2,"minecraft:chest_minecart":1,"minecraft:wooden_pickaxe":1,"minecraft:gold_block":2,"minecraft:iron_shovel":8,"minecraft:poppy":2,"minecraft:lectern":1,"minecraft:chest":1,"minecraft:raw_iron":77,"minecraft:stone":30,"minecraft:oak_door":1,"minecraft:amethyst_cluster":2,"sophisticatedbackpacks:backpack":1,"minecraft:carrot":33,"minecraft:redstone":18,"minecraft:tnt":3,"minecraft:arrow":8,"minecraft:beetroot_seeds":13,"minecraft:hay_block":23,"alexscaves:spelunkery_table":2,"minecraft:mutton":4,"minecraft:glow_berries":1,"minecraft:white_wool":6,"minecraft:rail":89,"minecraft:emerald_ore":1,"minecraft:lapis_ore":2,"minecraft:stripped_oak_log":21,"minecraft:glow_ink_sac":3,"minecraft:leather":5,"minecraft:oak_log":44,"minecraft:yellow_bed":4,"minecraft:gunpowder":2,"minecraft:paper":41,"minecraft:stone_bricks":1,"alexscaves:radrock":96,"minecraft:iron_ingot":11,"minecraft:stone_pickaxe":21,"minecraft:iron_ore":5,"minecraft:gray_bed":1,"minecraft:book":15,"minecraft:smooth_basalt":2,"minecraft:dripstone_block":7,"minecraft:gravel":22,"minecraft:amethyst_shard":8,"minecraft:spruce_sapling":279,"minecraft:blast_furnace":3,"minecraft:white_bed":9,"minecraft:spruce_log":2527,"minecraft:gold_ore":1,"minecraft:crying_obsidian":3,"minecraft:spider_eye":7,"minecraft:stone_axe":24,"minecraft:deepslate_redstone_ore":2,"minecraft:redstone_ore":2,"minecraft:melon_seeds":6,"minecraft:coal":51,"minecraft:ender_pearl":1},"minecraft:mined":{"minecraft:large_amethyst_bud":1,"minecraft:spruce_planks":3,"minecraft:white_bed":9,"minecraft:farmland":27,"minecraft:jungle_leaves":1,"minecraft:brewing_stand":2,"minecraft:obsidian":16,"minecraft:granite":2,"minecraft:budding_amethyst":1,"minecraft:grass_block":295,"minecraft:composter":6,"minecraft:spawner":2,"minecraft:magma_block":4,"minecraft:cobbled_deepslate":3,"minecraft:iron_ore":55,"minecraft:fire":9,"minecraft:barrel":2,"minecraft:fletching_table":2,"minecraft:deepslate_lapis_ore":5,"minecraft:azure_bluet":2,"minecraft:brown_bed":1,"minecraft:pointed_dripstone":2,"minecraft:water_cauldron":4,"minecraft:dirt_path":66,"minecraft:oak_stairs":52,"alexscaves:underweed":1,"minecraft:deepslate_redstone_ore":6,"minecraft:amethyst_cluster":4,"minecraft:powder_snow":7,"minecraft:torch":4,"minecraft:blast_furnace":3,"minecraft:calcite":2,"minecraft:chest":1,"minecraft:cobblestone":99,"minecraft:oak_planks":37,"minecraft:wall_torch":1,"minecraft:amethyst_block":4,"minecraft:powered_rail":4,"minecraft:wheat":90,"minecraft:tnt":3,"minecraft:black_bed":2,"minecraft:grass":128,"minecraft:oak_log":43,"minecraft:beetroots":1,"minecraft:sand":18,"minecraft:dirt":259,"minecraft:smooth_basalt":2,"minecraft:netherrack":107,"minecraft:oak_leaves":33,"minecraft:deepslate":37,"minecraft:infested_deepslate":4,"alexscaves:spelunkery_table":2,"minecraft:crying_obsidian":3,"minecraft:tuff":1,"minecraft:mossy_cobblestone":26,"minecraft:deepslate_diamond_ore":1,"minecraft:oak_door":1,"alexscaves:radrock":100,"minecraft:spruce_leaves":113,"minecraft:hay_block":25,"alexscaves:radrock_uranium_ore":18,"minecraft:redstone_ore":2,"minecraft:spruce_sapling":25,"minecraft:furnace":2,"minecraft:carrots":1,"minecraft:andesite":7,"minecraft:gold_block":2,"minecraft:bookshelf":4,"minecraft:deepslate_iron_ore":32,"minecraft:rail":86,"minecraft:stripped_oak_log":19,"minecraft:bamboo_sapling":2,"minecraft:bamboo":9,"minecraft:stone":126,"minecraft:white_wool":3,"minecraft:glass_pane":3,"minecraft:dandelion":1,"minecraft:oak_fence":9,"minecraft:crafting_table":4,"minecraft:emerald_ore":1,"minecraft:lectern":1,"minecraft:tall_grass":14,"minecraft:lapis_ore":2,"minecraft:deepslate_gold_ore":19,"minecraft:diorite":3,"minecraft:gray_bed":1,"minecraft:spruce_log":2467,"minecraft:yellow_bed":4,"minecraft:coal_ore":40,"minecraft:gravel":21,"minecraft:dripstone_block":8,"minecraft:cobweb":10,"minecraft:stone_bricks":2,"minecraft:gold_ore":2,"minecraft:infested_stone":3}},"DataVersion":3465}