{"stats":{"minecraft:crafted":{"minecraft:oak_planks":20,"minecraft:stone_shovel":2,"minecraft:furnace":3,"minecraft:bone_meal":6,"minecraft:iron_boots":1,"minecraft:stone_pickaxe":1,"minecraft:chest":2,"minecraft:stone_hoe":1,"minecraft:wheat":198,"minecraft:emerald":16,"minecraft:crafting_table":3,"minecraft:spruce_planks":404,"minecraft:bucket":1,"minecraft:stone_axe":2,"minecraft:bread":66,"minecraft:air":0,"minecraft:iron_chestplate":1,"minecraft:shield":1,"minecraft:stick":748,"minecraft:iron_ingot":8,"minecraft:iron_pickaxe":2,"minecraft:iron_shovel":1},"minecraft:mined":{"alexscaves:spelunkery_table":1,"minecraft:spruce_planks":3,"minecraft:white_bed":9,"minecraft:mossy_cobblestone":21,"minecraft:brewing_stand":1,"minecraft:granite":1,"minecraft:grass_block":21,"minecraft:spruce_leaves":35,"minecraft:composter":1,"minecraft:hay_block":24,"minecraft:spruce_sapling":2,"minecraft:furnace":1,"minecraft:iron_ore":8,"minecraft:barrel":1,"minecraft:andesite":1,"minecraft:fletching_table":1,"minecraft:azure_bluet":2,"minecraft:gold_block":2,"minecraft:bookshelf":1,"minecraft:pointed_dripstone":2,"minecraft:dirt_path":23,"minecraft:water_cauldron":4,"minecraft:rail":4,"minecraft:stripped_oak_log":5,"minecraft:stone":37,"minecraft:white_wool":3,"minecraft:powder_snow":7,"minecraft:oak_fence":8,"minecraft:crafting_table":3,"minecraft:blast_furnace":2,"minecraft:tall_grass":5,"minecraft:cobblestone":59,"minecraft:deepslate_gold_ore":1,"minecraft:powered_rail":4,"minecraft:spruce_log":104,"minecraft:yellow_bed":4,"minecraft:grass":21,"minecraft:coal_ore":36,"minecraft:oak_log":1,"minecraft:dripstone_block":1,"minecraft:sand":17,"minecraft:dirt":14,"minecraft:stone_bricks":1,"minecraft:netherrack":2,"minecraft:oak_leaves":2},"minecraft:broken":{"minecraft:stone_axe":1},"minecraft:dropped":{"minecraft:bread":32,"minecraft:stick":260,"minecraft:emerald":3,"minecraft:iron_pickaxe":1,"minecraft:iron_shovel":1,"minecraft:stone_shovel":1},"minecraft:picked_up":{"minecraft:crafting_table":3,"minecraft:azure_bluet":2,"minecraft:wooden_pickaxe":1,"alexscaves:cave_tablet":8,"minecraft:gold_block":2,"minecraft:brewing_stand":1,"minecraft:spruce_planks":6,"minecraft:poppy":2,"minecraft:furnace":1,"minecraft:golden_helmet":1,"minecraft:stick":49,"minecraft:raw_iron":8,"minecraft:composter":1,"minecraft:oak_fence":8,"minecraft:torch":4,"minecraft:pointed_dripstone":4,"minecraft:cauldron":4,"minecraft:rotten_flesh":1,"minecraft:hay_block":22,"alexscaves:spelunkery_table":1,"minecraft:mutton":4,"minecraft:cobblestone":100,"minecraft:white_wool":6,"minecraft:rail":4,"minecraft:stripped_oak_log":5,"minecraft:andesite":1,"minecraft:potato":7,"alexscaves:cave_book":1,"minecraft:oak_log":1,"minecraft:yellow_bed":4,"minecraft:dirt":57,"minecraft:paper":15,"minecraft:bone":2,"minecraft:stone_bricks":1,"minecraft:bow":5,"minecraft:wheat_seeds":3,"minecraft:raw_gold":1,"minecraft:bell":1,"minecraft:iron_ingot":3,"minecraft:fletching_table":1,"minecraft:powered_rail":4,"minecraft:book":6,"minecraft:gravel":2,"minecraft:dripstone_block":1,"minecraft:sand":18,"minecraft:spruce_sapling":17,"minecraft:blast_furnace":2,"minecraft:white_bed":9,"minecraft:spruce_log":103,"minecraft:barrel":1,"minecraft:mossy_cobblestone":20,"minecraft:diamond":1,"minecraft:granite":1,"minecraft:netherrack":2,"minecraft:coal":35},"minecraft:custom":{"minecraft:mob_kills":8,"minecraft:interact_with_crafting_table":14,"minecraft:open_barrel":1,"minecraft:leave_game":3,"minecraft:time_since_death":5667,"minecraft:sprint_one_cm":163210,"minecraft:walk_one_cm":140427,"minecraft:damage_blocked_by_shield":155,"minecraft:drop":13,"minecraft:talked_to_villager":4,"minecraft:play_time":67322,"minecraft:deaths":2,"minecraft:sneak_time":2003,"minecraft:walk_under_water_one_cm":7132,"minecraft:jump":1485,"minecraft:walk_on_water_one_cm":16305,"minecraft:total_world_time":67322,"minecraft:interact_with_furnace":2,"minecraft:traded_with_villager":18,"minecraft:sleep_in_bed":3,"minecraft:time_since_rest":3299,"minecraft:damage_taken":1647,"minecraft:damage_dealt":2090,"minecraft:swim_one_cm":17842,"minecraft:fly_one_cm":287671,"minecraft:open_chest":22,"minecraft:crouch_one_cm":2176,"tombstone:undead_killed":3,"tombstone:villager_killed":1,"minecraft:fall_one_cm":47147},"minecraft:killed":{"minecraft:skeleton":1,"minecraft:iron_golem":1,"minecraft:sheep":3,"minecraft:zombie":2,"minecraft:villager":1},"minecraft:used":{"minecraft:stone_shovel":64,"minecraft:spruce_planks":3,"minecraft:chest":2,"minecraft:shield":3,"minecraft:bell":1,"minecraft:stone_hoe":26,"minecraft:netherrack":2,"minecraft:torch":4,"minecraft:brewing_stand":1,"minecraft:dirt":22,"minecraft:granite":1,"minecraft:barrel":1,"minecraft:furnace":3,"tombstone:gift":2,"minecraft:water_bucket":6,"minecraft:stone_pickaxe":8,"minecraft:oak_planks":7,"minecraft:wooden_pickaxe":5,"minecraft:fletching_table":1,"minecraft:white_wool":3,"minecraft:mossy_cobblestone":1,"minecraft:sand":3,"minecraft:crafting_table":6,"minecraft:blast_furnace":1,"minecraft:white_bed":9,"minecraft:spruce_log":1,"minecraft:bread":16,"minecraft:iron_pickaxe":178,"minecraft:gravel":2,"minecraft:spruce_sapling":14,"minecraft:stone_axe":130,"minecraft:cobblestone":64,"minecraft:bucket":7,"minecraft:yellow_bed":4,"minecraft:bone_meal":6}},"DataVersion":3465}