{"stats":{"minecraft:crafted":{"minecraft:oak_planks":200,"minecraft:stone_shovel":2,"minecraft:furnace":3,"minecraft:bone_meal":6,"minecraft:cooked_mutton":16,"minecraft:diamond_leggings":3,"minecraft:iron_boots":18,"minecraft:iron_axe":3,"minecraft:stone_pickaxe":22,"minecraft:chest":6,"minecraft:diamond_boots":3,"minecraft:stone_hoe":1,"minecraft:wheat":207,"minecraft:emerald":318,"minecraft:diamond_axe":2,"minecraft:crafting_table":3,"minecraft:spruce_planks":5008,"minecraft:iron_helmet":1,"minecraft:smithing_table":1,"minecraft:fletching_table":1,"minecraft:bucket":1,"minecraft:stone_axe":26,"minecraft:bread":68,"minecraft:air":0,"minecraft:iron_chestplate":1,"minecraft:shield":1,"minecraft:stick":10080,"minecraft:chainmail_boots":30,"minecraft:iron_ingot":67,"minecraft:iron_pickaxe":2,"minecraft:iron_block":3,"minecraft:iron_shovel":10,"minecraft:iron_leggings":1,"minecraft:gold_ingot":30,"minecraft:anvil":1,"minecraft:torch":48},"minecraft:mined":{"minecraft:infested_deepslate":4,"alexscaves:spelunkery_table":1,"minecraft:spruce_planks":3,"minecraft:white_bed":9,"minecraft:farmland":27,"minecraft:mossy_cobblestone":26,"minecraft:deepslate_diamond_ore":1,"minecraft:oak_door":1,"minecraft:brewing_stand":1,"minecraft:granite":1,"minecraft:grass_block":290,"minecraft:spruce_leaves":86,"minecraft:composter":6,"minecraft:spawner":1,"minecraft:hay_block":25,"minecraft:spruce_sapling":14,"minecraft:furnace":2,"minecraft:carrots":1,"minecraft:iron_ore":43,"minecraft:cobbled_deepslate":3,"minecraft:barrel":1,"minecraft:andesite":5,"minecraft:fletching_table":2,"minecraft:deepslate_lapis_ore":5,"minecraft:azure_bluet":2,"minecraft:gold_block":2,"minecraft:bookshelf":1,"minecraft:pointed_dripstone":2,"minecraft:dirt_path":64,"minecraft:deepslate_iron_ore":25,"minecraft:water_cauldron":4,"minecraft:rail":86,"minecraft:oak_stairs":52,"minecraft:stripped_oak_log":17,"minecraft:stone":89,"minecraft:white_wool":3,"minecraft:deepslate_redstone_ore":4,"minecraft:glass_pane":3,"minecraft:dandelion":1,"minecraft:powder_snow":7,"minecraft:oak_fence":9,"minecraft:crafting_table":4,"minecraft:torch":4,"minecraft:blast_furnace":3,"minecraft:chest":1,"minecraft:tall_grass":10,"minecraft:cobblestone":97,"minecraft:deepslate_gold_ore":11,"minecraft:oak_planks":36,"minecraft:diorite":3,"minecraft:powered_rail":4,"minecraft:wheat":16,"minecraft:spruce_log":1725,"minecraft:yellow_bed":4,"minecraft:grass":100,"minecraft:oak_log":37,"minecraft:coal_ore":40,"minecraft:beetroots":1,"minecraft:dripstone_block":8,"minecraft:gravel":14,"minecraft:sand":18,"minecraft:dirt":252,"minecraft:stone_bricks":1,"minecraft:netherrack":2,"minecraft:gold_ore":1,"minecraft:oak_leaves":33,"minecraft:deepslate":32,"minecraft:infested_stone":3},"minecraft:broken":{"minecraft:iron_axe":2,"minecraft:stone_axe":1,"minecraft:iron_pickaxe":2},"minecraft:dropped":{"minecraft:bread":32,"minecraft:emerald":3,"minecraft:stick":300,"minecraft:oak_stairs":3,"minecraft:iron_pickaxe":1,"minecraft:iron_shovel":8,"minecraft:stone_axe":48,"minecraft:stone_shovel":1,"minecraft:beetroot":4,"minecraft:iron_boots":29,"minecraft:carrot":32,"minecraft:potato":4,"minecraft:oak_sapling":10,"minecraft:chainmail_boots":50,"minecraft:stone_pickaxe":42},"minecraft:picked_up":{"minecraft:crafting_table":4,"minecraft:wheat":19,"minecraft:azure_bluet":2,"minecraft:chainmail_boots":20,"minecraft:lead":2,"minecraft:wooden_pickaxe":1,"alexscaves:cave_tablet":8,"minecraft:oak_stairs":52,"minecraft:gold_block":2,"minecraft:brewing_stand":1,"minecraft:string":5,"minecraft:iron_shovel":5,"minecraft:beetroot":4,"minecraft:cobbled_deepslate":35,"minecraft:spruce_planks":6,"minecraft:poppy":2,"minecraft:chest":1,"minecraft:furnace":2,"minecraft:iron_boots":13,"minecraft:golden_helmet":1,"minecraft:stick":145,"minecraft:raw_iron":77,"minecraft:oak_door":1,"minecraft:oak_fence":9,"minecraft:composter":6,"minecraft:torch":11,"minecraft:pointed_dripstone":5,"minecraft:diorite":3,"minecraft:carrot":33,"minecraft:redstone":18,"minecraft:cauldron":4,"minecraft:arrow":2,"minecraft:rotten_flesh":2,"minecraft:beetroot_seeds":13,"minecraft:hay_block":23,"alexscaves:spelunkery_table":1,"minecraft:mutton":4,"minecraft:cobblestone":190,"minecraft:rail":88,"minecraft:white_wool":6,"minecraft:stripped_oak_log":17,"minecraft:glow_ink_sac":3,"minecraft:andesite":4,"minecraft:leather":1,"minecraft:potato":11,"alexscaves:cave_book":1,"minecraft:flint":2,"minecraft:oak_log":37,"minecraft:yellow_bed":4,"minecraft:paper":15,"minecraft:lapis_lazuli":32,"minecraft:dirt":622,"minecraft:bone":3,"minecraft:stone_bricks":1,"minecraft:bow":5,"minecraft:wheat_seeds":82,"minecraft:raw_gold":12,"minecraft:bell":1,"minecraft:iron_ingot":11,"minecraft:stone_pickaxe":21,"minecraft:fletching_table":2,"minecraft:powered_rail":4,"minecraft:oak_planks":36,"minecraft:book":6,"minecraft:dripstone_block":7,"minecraft:gravel":16,"minecraft:sand":19,"minecraft:spruce_sapling":147,"minecraft:blast_furnace":3,"minecraft:white_bed":9,"minecraft:spruce_log":1718,"minecraft:spider_eye":2,"minecraft:barrel":1,"minecraft:mossy_cobblestone":25,"minecraft:diamond":2,"minecraft:stone_axe":24,"minecraft:granite":1,"minecraft:oak_sapling":10,"minecraft:netherrack":2,"minecraft:coal":48,"minecraft:ender_pearl":1},"minecraft:custom":{"minecraft:animals_bred":1,"minecraft:interact_with_anvil":6,"minecraft:mob_kills":26,"minecraft:interact_with_crafting_table":51,"minecraft:open_barrel":1,"minecraft:bell_ring":6,"minecraft:leave_game":6,"minecraft:time_since_death":111110,"minecraft:sprint_one_cm":428196,"minecraft:walk_one_cm":608001,"minecraft:damage_blocked_by_shield":790,"minecraft:drop":195,"minecraft:talked_to_villager":98,"minecraft:play_time":229580,"minecraft:sneak_time":8175,"minecraft:deaths":3,"minecraft:walk_under_water_one_cm":17723,"minecraft:jump":3880,"minecraft:interact_with_blast_furnace":25,"minecraft:walk_on_water_one_cm":33431,"minecraft:total_world_time":229580,"minecraft:interact_with_furnace":12,"minecraft:traded_with_villager":430,"minecraft:sleep_in_bed":8,"minecraft:time_since_rest":19399,"minecraft:damage_taken":2670,"minecraft:damage_dealt":5435,"minecraft:swim_one_cm":41316,"minecraft:fly_one_cm":620066,"minecraft:open_chest":121,"minecraft:crouch_one_cm":14795,"tombstone:undead_killed":7,"tombstone:villager_killed":1,"minecraft:fall_one_cm":106193},"minecraft:killed":{"minecraft:cave_spider":4,"minecraft:skeleton":2,"minecraft:silverfish":4,"minecraft:iron_golem":1,"minecraft:sheep":3,"minecraft:trader_llama":2,"minecraft:zombie":5,"minecraft:villager":1,"minecraft:enderman":3},"minecraft:used":{"minecraft:oak_fence":1,"minecraft:iron_shovel":563,"minecraft:stone_shovel":64,"minecraft:chest":7,"minecraft:spruce_planks":3,"minecraft:shield":19,"minecraft:bell":1,"minecraft:stone_hoe":117,"minecraft:netherrack":2,"minecraft:torch":60,"minecraft:brewing_stand":1,"minecraft:dirt":677,"minecraft:anvil":1,"minecraft:granite":1,"minecraft:iron_axe":1322,"minecraft:barrel":1,"minecraft:furnace":3,"tombstone:gift":2,"minecraft:cobbled_deepslate":35,"minecraft:wheat_seeds":82,"minecraft:cooked_mutton":3,"minecraft:water_bucket":10,"minecraft:stone_pickaxe":10,"minecraft:oak_planks":14,"minecraft:wooden_pickaxe":5,"minecraft:composter":6,"minecraft:diamond_axe":497,"minecraft:fletching_table":3,"minecraft:white_wool":3,"minecraft:mossy_cobblestone":1,"minecraft:sand":3,"minecraft:crafting_table":7,"minecraft:blast_furnace":3,"minecraft:white_bed":9,"minecraft:dripstone_block":7,"minecraft:spruce_log":5,"minecraft:bread":38,"minecraft:iron_pickaxe":500,"minecraft:spruce_sapling":130,"minecraft:gravel":15,"minecraft:stone_axe":158,"minecraft:cobblestone":108,"minecraft:smithing_table":1,"minecraft:andesite":3,"minecraft:bucket":10,"minecraft:yellow_bed":4,"minecraft:golden_pickaxe":5,"minecraft:bone_meal":6}},"DataVersion":3465}