{"stats":{"minecraft:mined":{"minecraft:white_bed":1,"minecraft:mossy_cobblestone":3,"minecraft:end_stone":18,"minecraft:grass_block":7,"minecraft:magma_block":3,"minecraft:furnace":1,"minecraft:iron_ore":16,"minecraft:fire":1,"minecraft:cobbled_deepslate":1,"minecraft:andesite":7,"minecraft:dirt_path":27,"minecraft:lantern":2,"minecraft:chorus_plant":2,"minecraft:end_stone_bricks":1,"minecraft:stone":105,"minecraft:medium_amethyst_bud":1,"minecraft:emerald_ore":1,"minecraft:chest":3,"minecraft:tall_grass":4,"minecraft:cobblestone":27,"minecraft:deepslate_gold_ore":1,"minecraft:oak_planks":6,"minecraft:sugar_cane":2,"minecraft:sculk":3,"minecraft:wheat":1,"minecraft:spruce_log":4,"minecraft:purpur_block":4,"minecraft:yellow_bed":3,"minecraft:grass":32,"minecraft:coal_ore":8,"minecraft:sand":95,"minecraft:dirt":24,"minecraft:smooth_basalt":1,"minecraft:netherrack":38,"minecraft:oak_leaves":4},"minecraft:killed":{"minecraft:witch":1,"minecraft:spider":9,"minecraft:shulker":3,"minecraft:skeleton":8,"minecraft:chicken":8,"minecraft:silverfish":4,"minecraft:skeleton_horse":2,"minecraft:pig":8,"minecraft:zombie_villager":1,"minecraft:salmon":2,"minecraft:rabbit":1,"minecraft:iron_golem":2,"minecraft:ender_dragon":1,"minecraft:squid":1,"minecraft:sheep":17,"minecraft:zombie":8,"minecraft:villager":1,"minecraft:enderman":3,"minecraft:cow":13},"minecraft:used":{"minecraft:iron_shovel":39,"minecraft:stone_shovel":86,"minecraft:chest":2,"minecraft:dirt":22,"minecraft:diamond_helmet":1,"minecraft:lava_bucket":1,"minecraft:diamond_chestplate":1,"minecraft:golden_sword":12,"minecraft:bow":28,"minecraft:golden_carrot":25,"cataclysm:coral_spear":15,"tombstone:gift":6,"minecraft:pumpkin":2,"minecraft:cooked_mutton":2,"minecraft:diamond_boots":1,"minecraft:chorus_fruit":1,"minecraft:stone_pickaxe":95,"minecraft:ender_pearl":3,"minecraft:wooden_pickaxe":6,"minecraft:diamond_axe":232,"minecraft:crafting_table":1,"minecraft:white_bed":1,"minecraft:shears":2,"minecraft:diamond_pickaxe":102,"minecraft:bread":8,"minecraft:iron_pickaxe":71,"tombstone:grave_key":15,"minecraft:spruce_sapling":1,"minecraft:stone_axe":51,"minecraft:diamond_sword":83,"minecraft:bucket":1,"minecraft:yellow_bed":2,"minecraft:diamond_leggings":1},"minecraft:picked_up":{"minecraft:end_stone_bricks":1,"sophisticatedbackpacks:gold_backpack":2,"minecraft:iron_chestplate":1,"artifacts:night_vision_goggles":1,"minecraft:chicken":8,"tombstone:tablet_of_home":1,"minecraft:diamond_sword":3,"minecraft:pink_wool":2,"artifacts:chorus_totem":1,"minecraft:enchanted_book":1,"tombstone:grave_key":1,"minecraft:purpur_block":4,"minecraft:string":12,"minecraft:elytra":1,"minecraft:iron_shovel":1,"minecraft:oak_sign":1,"minecraft:cracked_stone_bricks":1,"minecraft:diamond_leggings":1,"minecraft:cobbled_deepslate":1,"minecraft:bucket":1,"minecraft:beef":6,"advancednetherite:netherite_gold_chestplate":1,"minecraft:ender_eye":2,"minecraft:poppy":1,"minecraft:iron_pickaxe":1,"minecraft:sugar_cane":7,"minecraft:chest":3,"minecraft:furnace":1,"minecraft:stick":226,"minecraft:raw_iron":9,"minecraft:end_stone":20,"minecraft:stone":5,"advancednetherite:netherite_gold_boots":1,"minecraft:porkchop":4,"tombstone:grave_dust":2,"minecraft:diorite":6,"minecraft:redstone":2,"advancednetherite:netherite_gold_helmet":1,"minecraft:iron_horse_armor":1,"minecraft:stone_sword":1,"minecraft:arrow":13,"minecraft:stone_shovel":1,"minecraft:rotten_flesh":16,"minecraft:diamond_chestplate":1,"minecraft:shears":1,"minecraft:diamond_boots":1,"minecraft:carved_pumpkin":3,"minecraft:mutton":16,"minecraft:white_wool":17,"minecraft:cobblestone":143,"minecraft:emerald_ore":1,"minecraft:magma_block":3,"minecraft:feather":6,"minecraft:cooked_beef":14,"minecraft:golden_carrot":13,"minecraft:medium_amethyst_bud":1,"minecraft:salmon":1,"minecraft:andesite":7,"minecraft:leather":14,"minecraft:yellow_bed":3,"cataclysm:coral_spear":2,"minecraft:dirt":133,"minecraft:lantern":2,"tombstone:gift":1,"minecraft:cooked_mutton":8,"minecraft:bone":19,"minecraft:apple":1,"minecraft:bow":1,"minecraft:wheat_seeds":5,"cataclysm:void_core":1,"advancednetherite:netherite_gold_leggings":1,"minecraft:iron_ingot":8,"minecraft:stone_pickaxe":1,"minecraft:iron_ore":5,"tombstone:bag_of_seeds":1,"minecraft:diamond_helmet":1,"cataclysm:chorus_fence":5,"minecraft:oak_planks":6,"sophisticatedbackpacks:diamond_backpack":1,"minecraft:smooth_basalt":1,"minecraft:cooked_porkchop":19,"minecraft:pumpkin":18,"minecraft:sculk":3,"alexscaves:uranium":1,"minecraft:sand":94,"minecraft:spruce_sapling":1,"minecraft:white_bed":1,"minecraft:spruce_log":4,"minecraft:spider_eye":3,"minecraft:dragon_egg":1,"minecraft:mossy_cobblestone":3,"minecraft:firework_rocket":32,"minecraft:pumpkin_seeds":16,"minecraft:coal_ore":8,"minecraft:stone_axe":1,"waystones:waystone":1,"minecraft:deepslate_gold_ore":1,"minecraft:diamond_axe":2,"minecraft:emerald":3,"minecraft:golden_horse_armor":1,"minecraft:bread":35,"minecraft:netherrack":37,"minecraft:chorus_fruit":24,"minecraft:coal":2,"minecraft:diamond_pickaxe":1,"minecraft:ender_pearl":3,"minecraft:shulker_shell":1},"minecraft:broken":{"minecraft:leather_helmet":1,"minecraft:stone_shovel":1},"minecraft:custom":{"minecraft:mob_kills":94,"minecraft:interact_with_crafting_table":4,"minecraft:open_barrel":1,"minecraft:open_shulker_box":4,"minecraft:eat_cake_slice":4,"minecraft:leave_game":10,"minecraft:time_since_death":24903,"minecraft:climb_one_cm":1796,"minecraft:sprint_one_cm":665935,"minecraft:walk_one_cm":612646,"minecraft:drop":228,"minecraft:damage_dealt_absorbed":80,"minecraft:talked_to_villager":5,"minecraft:play_time":303001,"minecraft:sneak_time":5834,"minecraft:deaths":9,"minecraft:walk_under_water_one_cm":21641,"minecraft:jump":3685,"minecraft:interact_with_blast_furnace":3,"minecraft:enchant_item":3,"minecraft:walk_on_water_one_cm":40162,"minecraft:total_world_time":303001,"tombstone:raider_killed":1,"minecraft:traded_with_villager":12,"minecraft:interact_with_loom":1,"minecraft:sleep_in_bed":5,"minecraft:time_since_rest":23853,"minecraft:waystone_activated":6,"minecraft:damage_taken":4300,"minecraft:damage_dealt":12010,"minecraft:swim_one_cm":29653,"minecraft:fly_one_cm":2488853,"minecraft:open_chest":51,"minecraft:crouch_one_cm":7908,"tombstone:undead_killed":19,"tombstone:villager_killed":1,"minecraft:aviate_one_cm":108943,"minecraft:fall_one_cm":128152},"minecraft:killed_by":{"minecraft:player":1,"minecraft:creeper":1,"minecraft:enderman":2,"minecraft:ender_dragon":1,"minecraft:warden":1,"minecraft:zombie":1},"minecraft:dropped":{"minecraft:enchanted_book":2,"minecraft:porkchop":1,"minecraft:diamond_axe":2,"minecraft:wheat_seeds":4,"minecraft:golden_helmet":1,"minecraft:diamond_leggings":2,"minecraft:cobblestone":12,"minecraft:cracked_stone_bricks":1,"sophisticatedbackpacks:gold_backpack":1,"minecraft:dirt":29,"minecraft:sculk":3,"minecraft:diorite":6,"tombstone:grave_key":1,"minecraft:diamond_helmet":1,"tombstone:grave_dust":2,"minecraft:pumpkin":16,"cataclysm:chorus_fence":5,"minecraft:bucket":1,"tombstone:familiar_receptacle":1,"minecraft:music_disc_cat":1,"minecraft:bone":2,"minecraft:stone_axe":1,"minecraft:sugar_cane":7,"minecraft:stone_sword":1,"minecraft:cobbled_deepslate":1,"minecraft:rotten_flesh":4,"minecraft:ender_eye":2,"minecraft:nether_bricks":58,"minecraft:oak_sign":1,"minecraft:pumpkin_seeds":16,"minecraft:diamond_sword":3,"minecraft:potato":7,"minecraft:stone":5,"alexscaves:cave_book":1,"minecraft:diamond_chestplate":2,"minecraft:iron_chestplate":1,"minecraft:andesite":7,"minecraft:chest":1,"minecraft:carved_pumpkin":2,"minecraft:spider_eye":2,"minecraft:diamond_boots":2,"minecraft:bow":5,"minecraft:arrow":1,"minecraft:wooden_pickaxe":1,"minecraft:stone_pickaxe":1,"waystones:waystone":1,"minecraft:netherrack":37},"minecraft:crafted":{"minecraft:bow":5,"tombstone:grave_key":1,"minecraft:stone_pickaxe":1,"minecraft:diamond_sword":1,"minecraft:emerald":7,"minecraft:crafting_table":1,"minecraft:spruce_planks":16,"minecraft:wooden_pickaxe":1,"minecraft:stone_axe":1,"minecraft:stick":8}},"DataVersion":3465}