{"stats":{"minecraft:mined":{"minecraft:grass":2,"minecraft:iron_ore":8,"minecraft:spruce_log":4,"minecraft:stone":6},"minecraft:picked_up":{"minecraft:raw_iron":8,"minecraft:feather":5,"minecraft:chicken":7,"minecraft:porkchop":1,"minecraft:spruce_sapling":1,"minecraft:spruce_log":4,"minecraft:redstone":2,"minecraft:white_wool":4,"minecraft:mutton":5,"minecraft:cobblestone":6},"minecraft:used":{"minecraft:stone_axe":18,"minecraft:crafting_table":1,"minecraft:stone_pickaxe":9,"tombstone:gift":2,"minecraft:wooden_pickaxe":6,"minecraft:spruce_sapling":1},"minecraft:killed":{"minecraft:sheep":4,"minecraft:pig":1,"minecraft:witch":1,"minecraft:chicken":7},"minecraft:custom":{"minecraft:time_since_rest":1296,"minecraft:deaths":1,"minecraft:play_time":18409,"minecraft:sprint_one_cm":34912,"minecraft:damage_taken":295,"minecraft:walk_one_cm":52287,"minecraft:mob_kills":13,"minecraft:drop":1,"minecraft:jump":279,"tombstone:raider_killed":1,"minecraft:damage_dealt":989,"minecraft:time_since_death":2312,"minecraft:total_world_time":18409,"minecraft:interact_with_crafting_table":3,"minecraft:fall_one_cm":6833,"minecraft:fly_one_cm":24182},"minecraft:killed_by":{"minecraft:creeper":1},"minecraft:dropped":{"minecraft:wooden_pickaxe":1},"minecraft:crafted":{"minecraft:stone_axe":1,"minecraft:crafting_table":1,"minecraft:spruce_planks":16,"minecraft:stick":8,"minecraft:wooden_pickaxe":1,"minecraft:stone_pickaxe":1}},"DataVersion":3465}