{"stats":{"minecraft:crafted":{"minecraft:crafting_table":1,"minecraft:spruce_planks":16,"minecraft:stick":8,"minecraft:wooden_pickaxe":1,"minecraft:stone_pickaxe":1,"minecraft:stone_axe":1},"minecraft:mined":{"minecraft:white_bed":1,"minecraft:iron_ore":8,"minecraft:spruce_log":4,"minecraft:yellow_bed":1,"minecraft:grass":5,"minecraft:stone":6,"minecraft:oak_leaves":3},"minecraft:dropped":{"minecraft:wooden_pickaxe":1},"minecraft:killed_by":{"minecraft:creeper":1},"minecraft:picked_up":{"minecraft:raw_iron":8,"minecraft:feather":5,"minecraft:chicken":7,"minecraft:salmon":1,"minecraft:leather":2,"minecraft:porkchop":1,"minecraft:spruce_sapling":1,"minecraft:yellow_bed":1,"minecraft:white_bed":1,"minecraft:spruce_log":4,"minecraft:redstone":2,"minecraft:spider_eye":1,"minecraft:string":2,"minecraft:bone":2,"minecraft:arrow":2,"minecraft:bow":1,"minecraft:beef":6,"minecraft:mutton":7,"minecraft:white_wool":5,"minecraft:cobblestone":6},"minecraft:custom":{"minecraft:time_since_rest":2752,"minecraft:sprint_one_cm":67238,"minecraft:damage_taken":320,"minecraft:walk_one_cm":81971,"minecraft:mob_kills":22,"minecraft:drop":1,"tombstone:raider_killed":1,"minecraft:damage_dealt":1759,"minecraft:talked_to_villager":1,"minecraft:swim_one_cm":3422,"minecraft:interact_with_crafting_table":3,"minecraft:fly_one_cm":60551,"minecraft:play_time":26261,"tombstone:undead_killed":2,"minecraft:deaths":1,"minecraft:walk_under_water_one_cm":996,"minecraft:jump":471,"minecraft:leave_game":1,"minecraft:walk_on_water_one_cm":993,"minecraft:time_since_death":10164,"minecraft:sleep_in_bed":1,"minecraft:total_world_time":26261,"minecraft:fall_one_cm":12085},"minecraft:killed":{"minecraft:sheep":5,"minecraft:skeleton":1,"minecraft:zombie":1,"minecraft:pig":1,"minecraft:witch":1,"minecraft:chicken":7,"minecraft:salmon":1,"minecraft:spider":1,"minecraft:cow":4},"minecraft:used":{"minecraft:stone_pickaxe":9,"minecraft:wooden_pickaxe":6,"minecraft:spruce_sapling":1,"minecraft:stone_axe":39,"minecraft:crafting_table":1,"tombstone:gift":2}},"DataVersion":3465}