{"stats":{"minecraft:crafted":{"minecraft:emerald":7,"minecraft:crafting_table":1,"minecraft:spruce_planks":16,"minecraft:wooden_pickaxe":1,"minecraft:stone_axe":1,"minecraft:bow":5,"minecraft:stick":8,"minecraft:stone_pickaxe":1},"minecraft:mined":{"minecraft:white_bed":1,"minecraft:mossy_cobblestone":3,"minecraft:grass_block":5,"minecraft:cobblestone":27,"minecraft:oak_planks":6,"minecraft:furnace":1,"minecraft:iron_ore":8,"minecraft:wheat":1,"minecraft:fire":1,"minecraft:spruce_log":4,"minecraft:yellow_bed":3,"minecraft:grass":7,"minecraft:dirt_path":27,"minecraft:lantern":2,"minecraft:sand":95,"minecraft:dirt":23,"minecraft:stone":100,"minecraft:oak_leaves":3},"minecraft:broken":{"minecraft:stone_shovel":1},"minecraft:killed_by":{"minecraft:creeper":1},"minecraft:dropped":{"minecraft:golden_helmet":1,"minecraft:potato":7,"minecraft:bow":5,"minecraft:wooden_pickaxe":1,"minecraft:bone":2},"minecraft:picked_up":{"minecraft:feather":6,"minecraft:chicken":8,"minecraft:salmon":1,"minecraft:leather":2,"minecraft:yellow_bed":3,"minecraft:string":2,"minecraft:dirt":56,"minecraft:lantern":2,"minecraft:iron_shovel":1,"minecraft:bone":2,"minecraft:bow":1,"minecraft:wheat_seeds":1,"minecraft:beef":6,"minecraft:iron_pickaxe":1,"minecraft:oak_planks":6,"minecraft:furnace":1,"minecraft:stick":226,"minecraft:raw_iron":8,"minecraft:porkchop":3,"minecraft:sand":94,"minecraft:spruce_sapling":1,"minecraft:white_bed":1,"minecraft:spruce_log":4,"minecraft:redstone":2,"minecraft:spider_eye":1,"minecraft:mossy_cobblestone":3,"minecraft:arrow":2,"minecraft:stone_shovel":1,"minecraft:emerald":3,"minecraft:bread":32,"minecraft:mutton":12,"minecraft:white_wool":9,"minecraft:cobblestone":126},"minecraft:custom":{"minecraft:mob_kills":28,"tombstone:raider_killed":1,"minecraft:traded_with_villager":12,"minecraft:interact_with_crafting_table":3,"minecraft:leave_game":2,"minecraft:time_since_death":55760,"minecraft:sleep_in_bed":3,"minecraft:time_since_rest":9934,"minecraft:sprint_one_cm":97366,"minecraft:walk_one_cm":238507,"minecraft:damage_taken":320,"minecraft:drop":16,"minecraft:damage_dealt":2299,"minecraft:swim_one_cm":3422,"minecraft:talked_to_villager":5,"minecraft:fly_one_cm":82934,"minecraft:open_chest":5,"minecraft:play_time":71857,"tombstone:undead_killed":2,"minecraft:deaths":1,"minecraft:walk_under_water_one_cm":1231,"minecraft:jump":832,"minecraft:walk_on_water_one_cm":9524,"minecraft:total_world_time":71857,"minecraft:fall_one_cm":18949},"minecraft:killed":{"minecraft:pig":2,"minecraft:witch":1,"minecraft:salmon":1,"minecraft:spider":1,"minecraft:sheep":9,"minecraft:skeleton":1,"minecraft:zombie":1,"minecraft:chicken":8,"minecraft:cow":4},"minecraft:used":{"minecraft:iron_shovel":39,"minecraft:stone_shovel":86,"minecraft:stone_pickaxe":95,"minecraft:wooden_pickaxe":6,"minecraft:crafting_table":1,"minecraft:white_bed":1,"minecraft:iron_pickaxe":69,"minecraft:bread":4,"minecraft:spruce_sapling":1,"minecraft:stone_axe":51,"minecraft:golden_sword":12,"tombstone:gift":2,"minecraft:yellow_bed":2}},"DataVersion":3465}