{"stats":{"minecraft:dropped":{"minecraft:enchanted_book":2,"minecraft:porkchop":1,"minecraft:wheat_seeds":2,"minecraft:diamond_axe":1,"minecraft:golden_helmet":1,"minecraft:sculk":3,"tombstone:grave_key":1,"tombstone:grave_dust":2,"minecraft:bucket":1,"minecraft:music_disc_cat":1,"minecraft:bone":2,"minecraft:rotten_flesh":4,"minecraft:ender_eye":2,"minecraft:pumpkin_seeds":16,"minecraft:potato":7,"alexscaves:cave_book":1,"minecraft:diamond_chestplate":1,"minecraft:iron_chestplate":1,"minecraft:carved_pumpkin":1,"minecraft:spider_eye":2,"minecraft:arrow":1,"minecraft:bow":5,"minecraft:wooden_pickaxe":1,"waystones:waystone":1,"minecraft:netherrack":37},"minecraft:crafted":{"minecraft:bow":5,"minecraft:stone_pickaxe":1,"minecraft:emerald":7,"minecraft:crafting_table":1,"minecraft:spruce_planks":16,"minecraft:wooden_pickaxe":1,"minecraft:stone_axe":1,"minecraft:stick":8},"minecraft:killed":{"minecraft:witch":1,"minecraft:spider":6,"minecraft:skeleton":3,"minecraft:chicken":8,"minecraft:silverfish":4,"minecraft:pig":3,"minecraft:zombie_villager":1,"minecraft:salmon":2,"minecraft:rabbit":1,"minecraft:iron_golem":1,"minecraft:squid":1,"minecraft:sheep":12,"minecraft:zombie":7,"minecraft:cow":8},"minecraft:custom":{"minecraft:mob_kills":58,"minecraft:interact_with_crafting_table":3,"minecraft:open_barrel":1,"minecraft:eat_cake_slice":4,"minecraft:leave_game":6,"minecraft:time_since_death":70365,"minecraft:sprint_one_cm":372334,"minecraft:walk_one_cm":441971,"minecraft:drop":61,"minecraft:talked_to_villager":5,"minecraft:play_time":198345,"minecraft:deaths":4,"minecraft:sneak_time":5834,"minecraft:walk_under_water_one_cm":18996,"minecraft:jump":2369,"minecraft:interact_with_blast_furnace":2,"minecraft:walk_on_water_one_cm":35532,"minecraft:enchant_item":2,"minecraft:total_world_time":198345,"tombstone:raider_killed":1,"minecraft:traded_with_villager":12,"minecraft:interact_with_loom":1,"minecraft:sleep_in_bed":3,"minecraft:time_since_rest":67966,"minecraft:waystone_activated":2,"minecraft:damage_taken":2100,"minecraft:damage_dealt":6053,"minecraft:swim_one_cm":29653,"minecraft:fly_one_cm":329209,"minecraft:open_chest":29,"minecraft:crouch_one_cm":7908,"tombstone:undead_killed":11,"minecraft:fall_one_cm":67595},"minecraft:broken":{"minecraft:leather_helmet":1,"minecraft:stone_shovel":1},"minecraft:used":{"minecraft:iron_shovel":39,"minecraft:stone_shovel":86,"minecraft:dirt":21,"minecraft:diamond_helmet":1,"minecraft:lava_bucket":1,"minecraft:diamond_chestplate":1,"minecraft:golden_sword":12,"minecraft:golden_carrot":13,"tombstone:gift":6,"minecraft:pumpkin":2,"minecraft:diamond_boots":1,"minecraft:stone_pickaxe":95,"minecraft:wooden_pickaxe":6,"minecraft:diamond_axe":100,"minecraft:crafting_table":1,"minecraft:white_bed":1,"minecraft:shears":2,"minecraft:diamond_pickaxe":78,"minecraft:bread":8,"minecraft:iron_pickaxe":71,"tombstone:grave_key":7,"minecraft:spruce_sapling":1,"minecraft:stone_axe":51,"minecraft:bucket":1,"minecraft:yellow_bed":2,"minecraft:diamond_leggings":1},"minecraft:killed_by":{"minecraft:creeper":1,"minecraft:warden":1,"minecraft:zombie":1},"minecraft:mined":{"minecraft:white_bed":1,"minecraft:mossy_cobblestone":3,"minecraft:grass_block":7,"minecraft:magma_block":3,"minecraft:furnace":1,"minecraft:iron_ore":16,"minecraft:cobbled_deepslate":1,"minecraft:fire":1,"minecraft:andesite":7,"minecraft:dirt_path":27,"minecraft:lantern":2,"minecraft:stone":105,"minecraft:medium_amethyst_bud":1,"minecraft:emerald_ore":1,"minecraft:chest":2,"minecraft:tall_grass":4,"minecraft:cobblestone":27,"minecraft:deepslate_gold_ore":1,"minecraft:oak_planks":6,"minecraft:sculk":3,"minecraft:wheat":1,"minecraft:spruce_log":4,"minecraft:yellow_bed":3,"minecraft:grass":23,"minecraft:coal_ore":8,"minecraft:sand":95,"minecraft:dirt":23,"minecraft:smooth_basalt":1,"minecraft:netherrack":38,"minecraft:oak_leaves":4},"minecraft:picked_up":{"sophisticatedbackpacks:gold_backpack":1,"minecraft:iron_chestplate":1,"artifacts:night_vision_goggles":1,"minecraft:chicken":8,"minecraft:pink_wool":2,"minecraft:enchanted_book":1,"tombstone:grave_key":1,"minecraft:string":11,"minecraft:iron_shovel":1,"minecraft:cracked_stone_bricks":1,"minecraft:cobbled_deepslate":1,"minecraft:bucket":1,"minecraft:beef":6,"minecraft:ender_eye":2,"minecraft:iron_pickaxe":1,"minecraft:chest":2,"minecraft:furnace":1,"minecraft:raw_iron":9,"minecraft:stick":226,"minecraft:stone":5,"minecraft:porkchop":4,"tombstone:grave_dust":2,"minecraft:diorite":2,"minecraft:redstone":2,"minecraft:iron_horse_armor":1,"minecraft:rotten_flesh":16,"minecraft:stone_shovel":1,"minecraft:arrow":5,"minecraft:diamond_chestplate":1,"minecraft:shears":1,"minecraft:carved_pumpkin":3,"minecraft:mutton":16,"minecraft:emerald_ore":1,"minecraft:white_wool":12,"minecraft:cobblestone":135,"minecraft:magma_block":3,"minecraft:feather":6,"minecraft:golden_carrot":13,"minecraft:salmon":1,"minecraft:medium_amethyst_bud":1,"minecraft:andesite":7,"minecraft:leather":7,"minecraft:yellow_bed":3,"minecraft:dirt":106,"minecraft:lantern":2,"tombstone:gift":1,"minecraft:bone":5,"minecraft:apple":1,"minecraft:bow":1,"minecraft:wheat_seeds":3,"minecraft:iron_ingot":3,"minecraft:iron_ore":5,"minecraft:diamond_helmet":1,"minecraft:oak_planks":6,"minecraft:smooth_basalt":1,"minecraft:pumpkin":18,"minecraft:sculk":3,"alexscaves:uranium":1,"minecraft:sand":94,"minecraft:spruce_sapling":1,"minecraft:white_bed":1,"minecraft:spruce_log":4,"minecraft:spider_eye":3,"minecraft:mossy_cobblestone":3,"minecraft:pumpkin_seeds":16,"minecraft:coal_ore":8,"waystones:waystone":1,"minecraft:deepslate_gold_ore":1,"minecraft:diamond_axe":1,"minecraft:emerald":3,"minecraft:golden_horse_armor":1,"minecraft:bread":35,"minecraft:netherrack":37,"minecraft:coal":2,"minecraft:diamond_pickaxe":1}},"DataVersion":3465}