{"stats":{"minecraft:mined":{"minecraft:white_bed":1,"minecraft:mossy_cobblestone":3,"minecraft:medium_amethyst_bud":1,"minecraft:grass_block":5,"minecraft:tall_grass":2,"minecraft:cobblestone":27,"minecraft:deepslate_gold_ore":1,"minecraft:oak_planks":6,"minecraft:sculk":3,"minecraft:magma_block":3,"minecraft:furnace":1,"minecraft:cobbled_deepslate":1,"minecraft:iron_ore":15,"minecraft:wheat":1,"minecraft:fire":1,"minecraft:spruce_log":4,"minecraft:yellow_bed":3,"minecraft:grass":14,"minecraft:dirt_path":27,"minecraft:lantern":2,"minecraft:sand":95,"minecraft:dirt":23,"minecraft:smooth_basalt":1,"minecraft:stone":100,"minecraft:netherrack":38,"minecraft:oak_leaves":3},"minecraft:killed":{"minecraft:pig":2,"minecraft:witch":1,"minecraft:salmon":1,"minecraft:spider":3,"minecraft:iron_golem":1,"minecraft:skeleton":1,"minecraft:sheep":10,"minecraft:zombie":5,"minecraft:chicken":8,"minecraft:cow":4},"minecraft:used":{"minecraft:diamond_boots":1,"minecraft:iron_shovel":39,"minecraft:stone_pickaxe":95,"minecraft:stone_shovel":86,"minecraft:wooden_pickaxe":6,"minecraft:diamond_axe":41,"minecraft:dirt":8,"minecraft:crafting_table":1,"minecraft:white_bed":1,"minecraft:diamond_pickaxe":56,"minecraft:lava_bucket":1,"minecraft:bread":4,"minecraft:iron_pickaxe":71,"tombstone:grave_key":7,"minecraft:spruce_sapling":1,"minecraft:stone_axe":51,"minecraft:diamond_chestplate":1,"minecraft:golden_sword":12,"minecraft:golden_carrot":6,"minecraft:bucket":1,"tombstone:gift":4,"minecraft:yellow_bed":2,"minecraft:diamond_leggings":1},"minecraft:picked_up":{"minecraft:magma_block":3,"minecraft:feather":6,"artifacts:night_vision_goggles":1,"minecraft:chicken":8,"minecraft:medium_amethyst_bud":1,"minecraft:salmon":1,"minecraft:leather":2,"tombstone:grave_key":1,"minecraft:yellow_bed":3,"minecraft:dirt":89,"minecraft:string":7,"minecraft:lantern":2,"minecraft:iron_shovel":1,"minecraft:bone":2,"minecraft:bow":1,"minecraft:wheat_seeds":3,"minecraft:cobbled_deepslate":1,"minecraft:bucket":1,"minecraft:iron_ingot":3,"minecraft:beef":6,"minecraft:iron_ore":4,"minecraft:iron_pickaxe":1,"minecraft:oak_planks":6,"minecraft:furnace":1,"minecraft:stick":226,"minecraft:raw_iron":9,"minecraft:smooth_basalt":1,"minecraft:sculk":3,"alexscaves:uranium":1,"minecraft:porkchop":3,"minecraft:sand":94,"minecraft:spruce_sapling":1,"tombstone:grave_dust":2,"minecraft:white_bed":1,"minecraft:spruce_log":4,"minecraft:redstone":2,"minecraft:spider_eye":1,"minecraft:mossy_cobblestone":3,"minecraft:arrow":2,"minecraft:rotten_flesh":3,"minecraft:stone_shovel":1,"minecraft:deepslate_gold_ore":1,"minecraft:emerald":3,"minecraft:bread":32,"minecraft:netherrack":37,"minecraft:mutton":13,"minecraft:white_wool":10,"minecraft:cobblestone":131},"minecraft:broken":{"minecraft:leather_helmet":1,"minecraft:stone_shovel":1},"minecraft:custom":{"minecraft:mob_kills":36,"tombstone:raider_killed":1,"minecraft:traded_with_villager":12,"minecraft:interact_with_crafting_table":3,"minecraft:open_barrel":1,"minecraft:interact_with_loom":1,"minecraft:eat_cake_slice":4,"minecraft:leave_game":4,"minecraft:time_since_death":14793,"minecraft:sleep_in_bed":3,"minecraft:time_since_rest":12394,"minecraft:waystone_activated":1,"minecraft:sprint_one_cm":185190,"minecraft:damage_taken":1670,"minecraft:walk_one_cm":343889,"minecraft:drop":21,"minecraft:damage_dealt":3591,"minecraft:swim_one_cm":5229,"minecraft:talked_to_villager":5,"minecraft:fly_one_cm":184568,"minecraft:open_chest":13,"minecraft:crouch_one_cm":7908,"minecraft:sneak_time":5834,"minecraft:play_time":142773,"tombstone:undead_killed":6,"minecraft:deaths":4,"minecraft:walk_under_water_one_cm":10039,"minecraft:jump":1529,"minecraft:walk_on_water_one_cm":25199,"minecraft:total_world_time":142773,"minecraft:fall_one_cm":41110},"minecraft:killed_by":{"minecraft:warden":1,"minecraft:creeper":1,"minecraft:zombie":1},"minecraft:dropped":{"minecraft:enchanted_book":1,"minecraft:golden_helmet":1,"minecraft:potato":7,"tombstone:grave_key":1,"tombstone:grave_dust":2,"minecraft:bow":5,"minecraft:wooden_pickaxe":1,"minecraft:bucket":1,"minecraft:bone":2},"minecraft:crafted":{"minecraft:emerald":7,"minecraft:crafting_table":1,"minecraft:spruce_planks":16,"minecraft:wooden_pickaxe":1,"minecraft:stone_axe":1,"minecraft:bow":5,"minecraft:stick":8,"minecraft:stone_pickaxe":1}},"DataVersion":3465}