{"stats":{"minecraft:dropped":{"minecraft:enchanted_book":1,"minecraft:wheat_seeds":2,"minecraft:diamond_axe":1,"minecraft:golden_helmet":1,"minecraft:potato":7,"minecraft:sculk":3,"tombstone:grave_key":1,"tombstone:grave_dust":2,"minecraft:bow":5,"minecraft:wooden_pickaxe":1,"minecraft:bucket":1,"minecraft:music_disc_cat":1,"minecraft:bone":2},"minecraft:killed":{"minecraft:pig":2,"minecraft:witch":1,"minecraft:zombie_villager":1,"minecraft:salmon":1,"minecraft:spider":4,"minecraft:iron_golem":1,"minecraft:skeleton":3,"minecraft:sheep":12,"minecraft:zombie":6,"minecraft:chicken":8,"minecraft:cow":8},"minecraft:crafted":{"minecraft:emerald":7,"minecraft:crafting_table":1,"minecraft:spruce_planks":16,"minecraft:wooden_pickaxe":1,"minecraft:stone_axe":1,"minecraft:bow":5,"minecraft:stick":8,"minecraft:stone_pickaxe":1},"minecraft:custom":{"minecraft:mob_kills":47,"tombstone:raider_killed":1,"minecraft:traded_with_villager":12,"minecraft:interact_with_crafting_table":3,"minecraft:open_barrel":1,"minecraft:interact_with_loom":1,"minecraft:eat_cake_slice":4,"minecraft:leave_game":6,"minecraft:time_since_death":27462,"minecraft:sleep_in_bed":3,"minecraft:time_since_rest":25063,"minecraft:waystone_activated":1,"minecraft:sprint_one_cm":228345,"minecraft:damage_taken":1859,"minecraft:walk_one_cm":385454,"minecraft:drop":28,"minecraft:damage_dealt":5079,"minecraft:swim_one_cm":5229,"minecraft:fly_one_cm":204916,"minecraft:talked_to_villager":5,"minecraft:open_chest":13,"minecraft:crouch_one_cm":7908,"minecraft:play_time":155442,"minecraft:sneak_time":5834,"tombstone:undead_killed":10,"minecraft:deaths":4,"minecraft:walk_under_water_one_cm":13410,"minecraft:jump":1769,"minecraft:walk_on_water_one_cm":27684,"minecraft:total_world_time":155442,"minecraft:fall_one_cm":47168},"minecraft:broken":{"minecraft:leather_helmet":1,"minecraft:stone_shovel":1},"minecraft:used":{"minecraft:diamond_boots":1,"minecraft:iron_shovel":39,"minecraft:stone_pickaxe":95,"minecraft:stone_shovel":86,"minecraft:wooden_pickaxe":6,"minecraft:diamond_axe":71,"minecraft:dirt":21,"minecraft:crafting_table":1,"minecraft:white_bed":1,"minecraft:diamond_pickaxe":78,"minecraft:lava_bucket":1,"minecraft:bread":4,"minecraft:iron_pickaxe":71,"tombstone:grave_key":7,"minecraft:spruce_sapling":1,"minecraft:stone_axe":51,"minecraft:diamond_chestplate":1,"minecraft:golden_sword":12,"minecraft:golden_carrot":9,"minecraft:bucket":1,"tombstone:gift":6,"minecraft:yellow_bed":2,"minecraft:diamond_leggings":1},"minecraft:killed_by":{"minecraft:warden":1,"minecraft:creeper":1,"minecraft:zombie":1},"minecraft:mined":{"minecraft:white_bed":1,"minecraft:mossy_cobblestone":3,"minecraft:medium_amethyst_bud":1,"minecraft:emerald_ore":1,"minecraft:grass_block":6,"minecraft:chest":1,"minecraft:tall_grass":2,"minecraft:cobblestone":27,"minecraft:deepslate_gold_ore":1,"minecraft:oak_planks":6,"minecraft:sculk":3,"minecraft:magma_block":3,"minecraft:furnace":1,"minecraft:iron_ore":16,"minecraft:fire":1,"minecraft:wheat":1,"minecraft:cobbled_deepslate":1,"minecraft:spruce_log":4,"minecraft:andesite":7,"minecraft:yellow_bed":3,"minecraft:grass":16,"minecraft:coal_ore":8,"minecraft:dirt_path":27,"minecraft:lantern":2,"minecraft:sand":95,"minecraft:dirt":23,"minecraft:smooth_basalt":1,"minecraft:stone":105,"minecraft:netherrack":38,"minecraft:oak_leaves":3},"minecraft:picked_up":{"minecraft:magma_block":3,"minecraft:feather":6,"artifacts:night_vision_goggles":1,"minecraft:chicken":8,"minecraft:andesite":7,"minecraft:medium_amethyst_bud":1,"minecraft:salmon":1,"minecraft:leather":7,"minecraft:enchanted_book":1,"tombstone:grave_key":1,"minecraft:yellow_bed":3,"tombstone:gift":1,"minecraft:string":9,"minecraft:dirt":105,"minecraft:lantern":2,"minecraft:iron_shovel":1,"minecraft:bone":4,"minecraft:bow":1,"minecraft:wheat_seeds":3,"minecraft:cobbled_deepslate":1,"minecraft:bucket":1,"minecraft:iron_ingot":3,"minecraft:beef":6,"minecraft:iron_ore":5,"minecraft:iron_pickaxe":1,"minecraft:chest":1,"minecraft:oak_planks":6,"minecraft:furnace":1,"minecraft:stick":226,"minecraft:raw_iron":9,"minecraft:stone":5,"minecraft:smooth_basalt":1,"minecraft:sculk":3,"alexscaves:uranium":1,"minecraft:porkchop":3,"minecraft:sand":94,"minecraft:spruce_sapling":1,"tombstone:grave_dust":2,"minecraft:white_bed":1,"minecraft:spruce_log":4,"minecraft:redstone":2,"minecraft:spider_eye":1,"minecraft:iron_horse_armor":1,"minecraft:mossy_cobblestone":3,"minecraft:coal_ore":8,"minecraft:arrow":4,"minecraft:stone_shovel":1,"minecraft:rotten_flesh":11,"minecraft:deepslate_gold_ore":1,"minecraft:diamond_axe":1,"minecraft:emerald":3,"minecraft:golden_horse_armor":1,"minecraft:bread":33,"minecraft:emerald_ore":1,"minecraft:netherrack":37,"minecraft:mutton":16,"minecraft:white_wool":12,"minecraft:cobblestone":131}},"DataVersion":3465}